0	 10	 4
0	 89	 7
0	 134	 3
0	 265	 9
0	 330	 6
0	 684	 4
0	 701	 4
0	 722	 3
0	 730	 2
0	 754	 1
0	 760	 3
1	 9	 2
1	 114	 7
1	 270	 2
1	 389	 2
1	 617	 6
1	 645	 2
1	 870	 6
2	 27	 9
2	 83	 9
2	 253	 3
2	 315	 9
2	 420	 3
2	 478	 9
2	 482	 6
2	 570	 1
2	 622	 8
2	 962	 7
2	 989	 8
2	 998	 1
3	 243	 4
3	 326	 1
3	 496	 4
3	 632	 8
3	 834	 5
3	 861	 1
3	 862	 6
3	 992	 1
4	 361	 9
4	 443	 3
4	 724	 6
4	 846	 8
4	 889	 6
4	 918	 9
4	 971	 6
4	 985	 4
5	 146	 2
5	 321	 6
5	 378	 4
5	 457	 3
5	 636	 3
5	 680	 2
5	 820	 4
5	 842	 6
5	 852	 7
6	 48	 9
6	 154	 8
6	 187	 9
6	 195	 1
6	 329	 1
6	 463	 3
6	 638	 4
6	 680	 5
6	 730	 4
6	 857	 6
6	 917	 7
7	 207	 7
7	 217	 9
7	 368	 5
7	 408	 8
7	 461	 8
7	 471	 5
7	 624	 6
7	 701	 8
7	 791	 1
7	 805	 9
7	 806	 5
7	 832	 5
7	 919	 4
7	 959	 5
7	 968	 5
8	 12	 1
8	 52	 3
8	 174	 5
8	 232	 4
8	 287	 8
8	 308	 6
8	 531	 9
8	 597	 1
8	 773	 6
9	 113	 3
9	 137	 8
9	 201	 7
9	 260	 1
9	 352	 9
9	 541	 7
9	 558	 6
9	 582	 8
9	 590	 4
9	 593	 4
9	 798	 8
9	 982	 6
10	 61	 6
10	 253	 9
10	 275	 8
10	 300	 7
10	 319	 1
10	 415	 4
10	 445	 5
10	 798	 1
10	 967	 6
11	 66	 7
11	 80	 7
11	 140	 8
11	 185	 2
11	 194	 7
11	 329	 9
11	 403	 2
11	 656	 3
11	 799	 2
11	 917	 1
12	 2	 5
12	 24	 1
12	 146	 1
12	 209	 5
12	 341	 7
12	 392	 5
12	 439	 8
12	 507	 2
12	 724	 3
12	 760	 2
12	 875	 4
12	 942	 6
13	 97	 9
13	 131	 9
13	 132	 5
13	 135	 8
13	 256	 2
13	 356	 2
13	 632	 9
13	 714	 9
13	 922	 5
14	 40	 3
14	 216	 3
14	 230	 7
14	 369	 3
14	 613	 8
14	 747	 3
14	 777	 1
14	 857	 1
14	 954	 7
15	 110	 8
15	 175	 2
15	 326	 6
15	 343	 3
15	 354	 5
15	 422	 1
15	 423	 1
15	 492	 6
15	 727	 3
15	 738	 1
15	 821	 6
15	 990	 5
16	 62	 3
16	 119	 3
16	 268	 7
16	 282	 3
16	 321	 9
16	 445	 8
16	 495	 3
16	 530	 3
16	 574	 3
16	 584	 2
16	 593	 9
16	 710	 1
16	 713	 1
16	 881	 8
17	 55	 4
17	 69	 6
17	 102	 7
17	 135	 9
17	 139	 9
17	 183	 1
17	 350	 7
17	 753	 1
17	 768	 7
17	 792	 4
17	 930	 8
17	 951	 7
18	 22	 7
18	 65	 7
18	 109	 4
18	 286	 3
18	 331	 8
18	 346	 9
18	 353	 2
18	 364	 2
18	 383	 7
18	 574	 9
18	 592	 6
18	 594	 7
18	 627	 5
18	 682	 7
18	 725	 3
18	 871	 1
18	 993	 2
19	 272	 6
19	 320	 1
19	 559	 5
19	 575	 9
19	 623	 1
19	 880	 1
19	 905	 8
20	 72	 3
20	 227	 6
20	 281	 4
20	 310	 3
20	 315	 3
20	 804	 2
20	 830	 4
20	 905	 7
20	 998	 8
21	 29	 5
21	 179	 9
21	 205	 8
21	 342	 3
21	 348	 1
21	 458	 3
21	 558	 7
21	 579	 3
21	 872	 2
21	 882	 5
22	 46	 4
22	 317	 3
22	 359	 9
22	 573	 8
22	 761	 6
22	 785	 2
22	 904	 3
22	 952	 8
22	 987	 5
23	 14	 3
23	 575	 5
23	 623	 7
23	 627	 2
23	 711	 5
23	 964	 9
24	 38	 1
24	 271	 5
24	 392	 3
24	 393	 3
24	 502	 6
24	 505	 3
24	 528	 9
24	 579	 4
24	 821	 7
24	 842	 5
24	 947	 7
24	 956	 1
24	 975	 9
24	 998	 1
25	 251	 9
25	 280	 2
25	 370	 4
25	 380	 6
25	 394	 1
25	 409	 4
25	 434	 8
25	 453	 3
25	 553	 4
25	 565	 6
25	 583	 4
25	 782	 1
25	 880	 1
25	 918	 6
25	 979	 7
26	 67	 4
26	 192	 8
26	 226	 2
26	 275	 9
26	 331	 4
26	 535	 5
26	 662	 8
26	 701	 5
26	 731	 8
26	 824	 3
27	 237	 4
27	 474	 7
27	 576	 2
27	 703	 8
27	 707	 6
27	 712	 2
27	 793	 6
27	 831	 9
27	 936	 2
27	 961	 6
27	 982	 5
27	 994	 3
28	 38	 6
28	 96	 8
28	 101	 1
28	 111	 2
28	 303	 3
28	 444	 4
28	 493	 4
28	 774	 3
28	 791	 3
28	 892	 2
28	 955	 4
29	 55	 8
29	 58	 2
29	 127	 1
29	 187	 3
29	 358	 7
29	 533	 3
29	 595	 3
29	 724	 1
29	 778	 5
29	 999	 6
30	 170	 3
30	 329	 4
30	 374	 7
30	 533	 4
30	 534	 1
30	 613	 9
30	 825	 2
30	 858	 9
30	 883	 2
30	 884	 2
31	 73	 9
31	 92	 2
31	 122	 2
31	 159	 8
31	 262	 4
31	 390	 8
31	 392	 9
31	 492	 8
31	 499	 4
31	 544	 8
31	 660	 1
31	 867	 5
31	 903	 8
31	 978	 2
31	 997	 9
32	 275	 9
32	 298	 2
32	 407	 1
32	 464	 8
32	 809	 5
33	 16	 4
33	 18	 7
33	 38	 4
33	 227	 6
33	 241	 9
33	 242	 4
33	 263	 8
33	 287	 5
33	 454	 4
33	 765	 7
33	 891	 6
34	 378	 6
34	 443	 2
34	 444	 1
34	 446	 3
34	 701	 6
34	 818	 9
34	 976	 1
35	 66	 8
35	 100	 2
35	 177	 1
35	 412	 6
35	 462	 9
35	 556	 7
35	 743	 6
35	 831	 2
35	 846	 5
36	 106	 9
36	 159	 6
36	 279	 3
36	 332	 6
36	 409	 9
36	 618	 8
36	 643	 7
36	 653	 2
36	 658	 9
36	 988	 8
37	 24	 1
37	 122	 7
37	 138	 5
37	 229	 4
37	 244	 1
37	 501	 6
37	 674	 3
37	 732	 3
37	 919	 6
38	 118	 3
38	 129	 4
38	 270	 8
38	 292	 5
38	 457	 4
38	 464	 3
38	 476	 3
38	 771	 5
38	 813	 4
38	 952	 8
38	 983	 5
39	 160	 3
39	 272	 9
39	 518	 5
39	 600	 1
39	 609	 3
39	 751	 8
39	 821	 2
39	 865	 5
39	 958	 3
40	 27	 8
40	 104	 3
40	 295	 9
40	 330	 1
40	 428	 5
40	 455	 5
40	 469	 6
40	 749	 3
40	 890	 8
41	 88	 7
41	 92	 9
41	 185	 1
41	 201	 6
41	 314	 5
41	 332	 6
41	 355	 5
41	 631	 3
41	 675	 3
41	 701	 1
41	 796	 3
41	 800	 9
41	 914	 2
42	 88	 9
42	 169	 7
42	 206	 8
42	 253	 6
42	 263	 1
42	 312	 8
42	 320	 4
42	 403	 3
42	 665	 2
42	 751	 4
42	 864	 1
42	 870	 1
42	 883	 2
42	 892	 9
42	 943	 5
43	 122	 4
43	 136	 8
43	 154	 1
43	 271	 7
43	 518	 3
43	 567	 4
43	 885	 5
44	 313	 3
44	 320	 9
44	 401	 2
44	 501	 1
44	 645	 6
44	 764	 3
44	 854	 6
44	 969	 7
45	 48	 4
45	 167	 3
45	 169	 5
45	 453	 6
45	 503	 4
45	 504	 3
45	 545	 2
45	 646	 3
45	 674	 5
45	 723	 7
45	 789	 1
45	 885	 8
46	 26	 9
46	 129	 3
46	 136	 8
46	 158	 8
46	 323	 7
46	 378	 1
46	 391	 2
46	 462	 2
46	 514	 1
46	 587	 8
46	 625	 3
46	 717	 3
46	 726	 8
46	 858	 3
46	 862	 9
46	 885	 4
46	 934	 2
46	 969	 5
46	 986	 7
46	 998	 7
47	 17	 2
47	 210	 8
47	 444	 5
47	 502	 3
47	 561	 9
47	 591	 5
47	 623	 9
47	 769	 8
48	 301	 1
48	 486	 6
48	 566	 8
48	 657	 4
48	 658	 5
48	 782	 9
48	 938	 2
49	 84	 4
49	 395	 8
49	 501	 8
49	 514	 8
49	 867	 1
49	 939	 3
49	 998	 3
50	 26	 2
50	 28	 1
50	 153	 7
50	 327	 4
50	 376	 4
50	 402	 8
50	 444	 7
50	 684	 6
50	 727	 2
50	 782	 2
50	 810	 5
50	 890	 9
50	 897	 9
51	 14	 2
51	 44	 5
51	 111	 3
51	 373	 8
51	 375	 8
51	 548	 3
51	 602	 6
51	 651	 4
51	 653	 1
51	 706	 7
51	 723	 2
51	 727	 8
51	 881	 1
51	 897	 8
51	 915	 8
52	 117	 7
52	 495	 8
52	 686	 4
52	 787	 5
52	 983	 7
53	 235	 6
53	 256	 9
53	 443	 3
53	 457	 2
53	 649	 5
53	 889	 8
53	 893	 8
54	 27	 3
54	 60	 5
54	 152	 6
54	 155	 3
54	 270	 5
54	 335	 2
54	 360	 2
54	 479	 2
54	 499	 6
54	 765	 3
54	 777	 5
54	 887	 5
54	 930	 4
54	 953	 3
54	 976	 9
54	 979	 3
54	 988	 7
55	 117	 5
55	 154	 7
55	 725	 3
55	 732	 5
55	 812	 4
55	 985	 8
56	 239	 4
56	 375	 4
56	 518	 7
56	 696	 3
56	 737	 6
56	 854	 4
56	 860	 4
56	 968	 7
57	 12	 3
57	 92	 7
57	 104	 3
57	 154	 1
57	 161	 8
57	 197	 8
57	 253	 2
57	 280	 4
57	 336	 1
57	 388	 9
57	 479	 9
57	 497	 4
57	 813	 3
57	 942	 9
57	 990	 4
58	 53	 2
58	 160	 3
58	 300	 8
58	 430	 2
58	 510	 2
58	 643	 9
58	 891	 6
58	 900	 1
59	 103	 8
59	 106	 6
59	 364	 2
59	 509	 1
59	 636	 5
59	 892	 3
59	 914	 5
59	 952	 3
60	 128	 5
60	 437	 6
60	 457	 9
60	 501	 3
60	 818	 5
60	 938	 6
61	 22	 6
61	 68	 8
61	 141	 7
61	 326	 8
61	 386	 9
61	 466	 6
61	 569	 2
61	 805	 5
61	 880	 3
62	 72	 3
62	 550	 6
62	 632	 3
62	 665	 7
62	 759	 5
62	 792	 3
62	 872	 9
63	 28	 9
63	 289	 2
63	 412	 9
64	 75	 6
64	 87	 9
64	 116	 1
64	 289	 4
64	 428	 9
64	 513	 4
64	 594	 1
64	 611	 9
64	 792	 3
64	 794	 3
64	 955	 8
64	 962	 4
64	 990	 7
65	 20	 2
65	 59	 8
65	 69	 2
65	 135	 4
65	 591	 4
65	 638	 5
65	 661	 5
65	 717	 5
65	 805	 1
65	 819	 2
65	 911	 4
65	 934	 9
65	 935	 2
65	 942	 1
66	 16	 5
66	 237	 7
66	 395	 2
66	 413	 4
66	 432	 7
66	 495	 3
66	 572	 8
66	 644	 3
66	 804	 8
66	 811	 3
66	 847	 2
66	 904	 6
66	 917	 3
66	 977	 6
67	 6	 3
67	 91	 6
67	 106	 5
67	 433	 4
67	 444	 6
67	 462	 4
67	 505	 6
67	 572	 6
67	 693	 9
67	 699	 5
67	 938	 4
68	 36	 7
68	 46	 1
68	 80	 3
68	 298	 3
68	 344	 1
68	 390	 6
68	 445	 6
68	 471	 7
68	 522	 3
68	 545	 6
68	 582	 2
68	 605	 6
68	 727	 1
68	 812	 3
68	 828	 5
68	 837	 6
68	 910	 2
69	 159	 1
69	 542	 2
69	 660	 9
69	 671	 5
69	 815	 5
69	 852	 3
69	 863	 8
70	 45	 8
70	 174	 3
70	 268	 4
70	 272	 6
70	 403	 3
70	 550	 9
70	 567	 1
70	 837	 1
70	 953	 5
71	 73	 9
71	 112	 9
71	 218	 2
71	 224	 6
71	 239	 6
71	 246	 5
71	 269	 5
71	 317	 1
71	 351	 8
71	 500	 8
71	 550	 7
71	 566	 6
71	 792	 7
71	 829	 2
72	 211	 2
72	 253	 1
72	 281	 6
72	 448	 9
72	 587	 1
72	 745	 1
72	 884	 6
72	 922	 1
72	 948	 8
72	 952	 4
73	 9	 8
73	 54	 3
73	 60	 7
73	 186	 5
73	 372	 1
73	 438	 8
73	 636	 7
73	 774	 1
73	 953	 6
74	 3	 1
74	 211	 5
74	 269	 9
74	 276	 6
74	 354	 5
74	 379	 8
74	 412	 1
74	 479	 7
74	 545	 3
74	 556	 4
74	 673	 4
74	 752	 2
74	 792	 5
74	 801	 7
74	 877	 5
74	 952	 4
74	 977	 9
75	 50	 4
75	 157	 2
75	 230	 8
75	 264	 3
75	 400	 5
75	 465	 4
75	 471	 1
75	 493	 5
75	 546	 2
75	 598	 5
75	 612	 1
75	 655	 2
75	 659	 3
76	 207	 3
76	 228	 5
76	 229	 1
76	 368	 3
76	 441	 6
76	 508	 1
76	 510	 8
76	 538	 2
76	 734	 6
76	 895	 8
76	 984	 6
76	 995	 4
77	 225	 4
77	 287	 8
77	 433	 1
77	 439	 4
77	 456	 2
77	 500	 7
77	 646	 5
77	 824	 1
77	 825	 6
77	 918	 5
77	 927	 3
77	 977	 4
78	 138	 7
78	 154	 5
78	 423	 2
78	 463	 2
78	 557	 5
78	 579	 1
78	 584	 3
78	 656	 4
78	 657	 8
78	 697	 4
78	 927	 7
79	 30	 5
79	 56	 5
79	 352	 8
79	 455	 8
79	 645	 8
79	 646	 3
79	 696	 8
79	 808	 1
79	 954	 7
80	 132	 8
80	 321	 4
80	 360	 8
80	 383	 1
80	 401	 4
80	 484	 8
80	 549	 6
80	 550	 4
80	 614	 4
80	 615	 6
80	 661	 7
80	 698	 6
80	 756	 8
81	 30	 1
81	 523	 6
81	 536	 6
81	 588	 2
81	 598	 8
81	 616	 4
81	 892	 9
81	 894	 8
82	 122	 8
82	 172	 4
82	 185	 3
82	 224	 3
82	 363	 3
82	 480	 2
82	 621	 9
82	 668	 3
82	 776	 1
82	 808	 1
82	 891	 7
82	 928	 5
82	 933	 2
83	 45	 6
83	 58	 7
83	 76	 9
83	 154	 8
83	 191	 9
83	 289	 7
83	 360	 2
83	 375	 7
83	 376	 6
83	 614	 9
83	 965	 3
83	 992	 3
84	 213	 9
84	 247	 4
84	 684	 6
84	 707	 8
84	 793	 9
84	 920	 4
85	 20	 5
85	 62	 3
85	 91	 7
85	 103	 3
85	 233	 9
85	 414	 9
85	 466	 2
85	 473	 5
85	 475	 8
85	 557	 2
85	 653	 1
85	 795	 9
85	 900	 2
86	 30	 9
86	 81	 8
86	 100	 1
86	 153	 1
86	 248	 9
86	 464	 4
86	 534	 1
86	 645	 6
86	 775	 5
86	 820	 1
86	 893	 8
86	 946	 8
86	 997	 4
87	 9	 2
87	 43	 7
87	 458	 7
87	 531	 9
87	 583	 1
87	 614	 2
87	 722	 5
87	 798	 1
87	 882	 8
87	 924	 5
88	 99	 4
88	 194	 5
88	 202	 4
88	 328	 9
88	 465	 2
88	 511	 9
88	 543	 4
88	 603	 9
88	 659	 7
88	 687	 5
88	 700	 8
88	 827	 3
88	 904	 2
89	 263	 6
89	 578	 1
89	 685	 7
89	 690	 4
89	 697	 6
89	 719	 4
89	 756	 7
89	 775	 4
89	 807	 9
90	 38	 7
90	 166	 8
90	 389	 2
90	 391	 9
90	 455	 1
90	 749	 7
91	 81	 7
91	 126	 1
91	 138	 4
91	 352	 2
91	 367	 1
91	 529	 8
91	 652	 9
91	 805	 2
91	 850	 3
91	 860	 2
92	 41	 8
92	 191	 1
92	 259	 6
92	 267	 5
92	 339	 4
92	 450	 6
92	 762	 1
92	 791	 4
92	 861	 1
92	 974	 2
93	 12	 2
93	 167	 7
93	 327	 2
93	 409	 5
93	 939	 8
94	 218	 8
94	 261	 9
94	 423	 5
94	 492	 6
94	 552	 7
94	 769	 4
94	 784	 4
94	 785	 7
94	 945	 3
95	 39	 6
95	 106	 7
95	 196	 2
95	 254	 3
95	 383	 3
95	 712	 7
95	 773	 5
95	 893	 6
95	 899	 9
95	 928	 8
95	 949	 7
95	 987	 8
96	 46	 9
96	 190	 6
96	 197	 7
96	 376	 1
96	 512	 2
96	 664	 4
96	 682	 6
96	 768	 2
96	 869	 7
96	 957	 5
96	 974	 7
96	 999	 5
97	 54	 6
97	 86	 1
97	 119	 4
97	 130	 7
97	 143	 4
97	 267	 5
97	 289	 8
97	 327	 9
97	 365	 5
97	 382	 6
97	 527	 1
97	 727	 4
97	 983	 4
98	 19	 9
98	 32	 4
98	 241	 4
98	 305	 8
98	 316	 4
98	 405	 7
98	 525	 1
98	 538	 5
98	 547	 4
98	 593	 2
99	 22	 9
99	 30	 7
99	 104	 5
99	 500	 8
99	 543	 4
99	 615	 1
99	 620	 7
99	 871	 7
99	 884	 2
99	 889	 8
99	 913	 3
100	 197	 9
100	 243	 2
100	 326	 5
100	 574	 7
100	 660	 2
100	 879	 6
101	 215	 7
101	 424	 1
101	 428	 6
101	 531	 5
101	 651	 9
101	 656	 7
101	 985	 6
101	 986	 6
102	 59	 7
102	 160	 4
102	 193	 9
102	 401	 8
102	 435	 9
102	 622	 3
102	 754	 4
102	 987	 8
102	 992	 7
103	 33	 6
103	 203	 2
103	 213	 6
103	 311	 1
103	 338	 1
103	 430	 1
103	 741	 7
103	 945	 9
104	 98	 2
104	 171	 1
104	 336	 6
104	 419	 6
104	 465	 8
104	 494	 8
104	 673	 5
104	 674	 3
104	 753	 2
104	 973	 4
105	 12	 6
105	 170	 1
105	 190	 8
105	 192	 8
105	 215	 6
105	 270	 1
105	 282	 9
105	 547	 1
105	 582	 1
105	 654	 9
105	 678	 4
105	 731	 1
105	 811	 6
105	 911	 7
106	 8	 8
106	 16	 7
106	 71	 6
106	 87	 9
106	 170	 3
106	 327	 3
106	 378	 8
106	 389	 4
106	 418	 7
106	 426	 5
106	 475	 5
106	 547	 7
106	 559	 4
106	 619	 1
106	 719	 6
106	 830	 4
106	 870	 7
107	 272	 4
107	 320	 3
107	 402	 6
107	 407	 6
107	 585	 8
107	 800	 7
108	 75	 8
108	 182	 5
108	 350	 6
108	 371	 8
108	 484	 2
108	 546	 4
108	 558	 2
108	 705	 4
108	 865	 3
109	 51	 8
109	 148	 9
109	 270	 4
109	 320	 4
109	 352	 4
109	 548	 2
109	 676	 7
109	 723	 8
109	 833	 8
109	 949	 1
109	 986	 8
110	 67	 4
110	 128	 4
110	 250	 5
110	 289	 9
110	 321	 4
110	 333	 6
110	 384	 3
110	 640	 7
110	 698	 6
110	 760	 6
110	 769	 4
110	 927	 7
110	 932	 7
111	 4	 2
111	 7	 7
111	 56	 7
111	 86	 2
111	 87	 8
111	 129	 9
111	 238	 7
111	 273	 9
111	 388	 3
111	 401	 3
111	 410	 3
111	 412	 9
111	 416	 4
111	 452	 9
111	 614	 4
111	 695	 7
111	 928	 6
111	 979	 4
111	 984	 8
112	 11	 3
112	 29	 8
112	 113	 5
112	 227	 7
112	 317	 5
112	 454	 1
112	 612	 3
112	 734	 3
112	 797	 9
113	 146	 4
113	 198	 4
113	 203	 8
113	 219	 1
113	 388	 9
113	 494	 1
114	 89	 3
114	 209	 2
114	 217	 5
114	 219	 5
114	 275	 7
114	 498	 5
114	 616	 5
114	 670	 4
114	 687	 9
114	 697	 6
114	 931	 2
115	 162	 4
115	 604	 9
115	 703	 8
115	 857	 1
115	 873	 9
115	 962	 2
116	 69	 3
116	 131	 6
116	 206	 6
116	 213	 8
116	 240	 9
116	 330	 5
116	 356	 2
116	 627	 9
116	 711	 8
116	 786	 3
116	 865	 5
116	 947	 7
117	 236	 7
117	 327	 6
117	 369	 6
117	 404	 6
117	 452	 5
117	 531	 9
117	 712	 6
117	 812	 2
117	 880	 5
117	 887	 8
117	 951	 1
118	 68	 1
118	 237	 5
118	 395	 8
118	 734	 5
118	 800	 7
118	 824	 9
118	 899	 3
118	 960	 8
119	 209	 8
119	 219	 2
119	 536	 2
119	 572	 5
119	 711	 4
119	 727	 8
119	 753	 4
120	 49	 1
120	 106	 7
120	 258	 8
120	 294	 5
120	 300	 4
120	 652	 5
120	 718	 6
120	 809	 9
120	 909	 7
120	 944	 2
121	 16	 3
121	 80	 9
121	 143	 6
121	 146	 9
121	 148	 3
121	 226	 7
121	 276	 9
121	 298	 9
121	 416	 4
121	 431	 1
121	 648	 7
122	 32	 1
122	 228	 8
122	 473	 7
122	 654	 1
122	 842	 7
123	 9	 5
123	 79	 2
123	 149	 7
123	 470	 7
123	 503	 4
123	 612	 2
123	 947	 5
123	 974	 1
124	 78	 5
124	 112	 6
124	 137	 4
124	 145	 2
124	 174	 4
124	 311	 7
124	 312	 3
124	 336	 2
124	 536	 1
124	 904	 3
125	 146	 9
125	 205	 6
125	 490	 6
125	 554	 4
125	 920	 1
125	 991	 8
126	 105	 7
126	 146	 4
126	 174	 9
126	 222	 5
126	 391	 2
126	 408	 4
126	 482	 5
126	 486	 4
127	 173	 2
127	 194	 3
127	 228	 2
127	 237	 3
127	 336	 2
127	 372	 1
127	 412	 9
127	 502	 3
127	 531	 8
127	 701	 8
127	 710	 1
127	 722	 3
127	 875	 8
128	 56	 6
128	 129	 4
128	 195	 9
128	 413	 8
128	 435	 5
128	 437	 2
128	 483	 9
128	 574	 5
128	 647	 1
128	 671	 5
128	 816	 4
128	 834	 9
128	 863	 8
128	 875	 7
128	 906	 6
129	 291	 5
129	 349	 2
129	 393	 7
129	 410	 6
129	 528	 4
129	 536	 2
129	 580	 6
129	 656	 6
129	 686	 7
129	 756	 6
129	 757	 4
129	 763	 4
129	 888	 2
130	 187	 2
130	 587	 4
130	 598	 2
130	 669	 8
130	 732	 8
130	 810	 2
130	 933	 6
131	 12	 5
131	 230	 7
131	 464	 9
131	 520	 7
131	 622	 5
131	 624	 7
131	 803	 4
131	 833	 4
131	 994	 7
132	 4	 3
132	 13	 2
132	 188	 6
132	 243	 5
132	 273	 6
132	 380	 2
132	 575	 8
132	 611	 1
132	 681	 8
132	 699	 5
132	 758	 1
132	 790	 2
132	 843	 4
132	 845	 9
132	 887	 1
132	 904	 6
132	 939	 7
132	 993	 5
132	 998	 8
133	 57	 1
133	 156	 2
133	 198	 9
133	 320	 1
133	 384	 3
133	 477	 9
133	 498	 9
133	 707	 7
133	 745	 1
133	 972	 3
134	 145	 1
134	 271	 4
134	 373	 6
134	 524	 5
134	 653	 5
134	 718	 2
134	 876	 1
135	 95	 8
135	 195	 6
135	 329	 2
135	 406	 9
135	 444	 3
135	 554	 8
135	 789	 7
135	 928	 7
136	 157	 5
136	 231	 6
136	 507	 5
136	 766	 7
136	 958	 7
136	 977	 9
137	 49	 2
137	 107	 6
137	 183	 8
137	 186	 8
137	 342	 9
137	 357	 1
137	 421	 7
137	 494	 9
137	 715	 8
137	 837	 2
137	 848	 1
138	 121	 8
138	 228	 7
138	 417	 3
138	 458	 2
138	 498	 7
138	 516	 8
138	 636	 4
138	 668	 1
138	 995	 4
138	 996	 1
139	 470	 3
139	 617	 3
139	 866	 9
140	 82	 9
140	 414	 5
140	 469	 2
140	 619	 1
140	 743	 9
140	 915	 2
141	 85	 9
141	 315	 6
141	 813	 2
141	 868	 9
141	 892	 1
142	 200	 5
142	 281	 2
142	 325	 6
142	 351	 3
142	 614	 5
142	 916	 4
142	 993	 1
143	 15	 2
143	 50	 2
143	 110	 3
143	 288	 5
143	 388	 6
143	 441	 6
143	 729	 9
143	 749	 9
143	 864	 4
143	 868	 9
143	 941	 6
144	 68	 1
144	 200	 3
144	 314	 4
144	 350	 3
144	 415	 1
144	 826	 7
144	 976	 3
145	 151	 7
145	 170	 2
145	 223	 9
145	 251	 3
145	 281	 2
145	 387	 6
145	 424	 6
145	 477	 6
145	 774	 4
145	 782	 5
145	 787	 3
145	 879	 9
145	 892	 7
145	 937	 9
145	 957	 6
146	 34	 3
146	 147	 6
146	 345	 5
146	 483	 6
146	 489	 8
146	 692	 8
146	 793	 1
146	 904	 9
147	 117	 6
147	 276	 4
147	 284	 6
147	 335	 6
147	 354	 9
147	 364	 5
147	 380	 5
147	 466	 6
147	 470	 9
147	 471	 6
147	 529	 6
147	 780	 6
148	 79	 5
148	 193	 8
148	 240	 4
148	 379	 5
148	 419	 1
148	 517	 3
148	 582	 8
148	 598	 1
148	 760	 3
148	 778	 3
148	 878	 4
149	 15	 2
149	 22	 3
149	 131	 7
149	 141	 1
149	 145	 8
149	 158	 3
149	 487	 6
149	 512	 6
149	 659	 1
149	 663	 3
149	 799	 4
150	 49	 1
150	 84	 1
150	 110	 9
150	 224	 1
150	 718	 7
150	 797	 1
150	 895	 1
151	 4	 2
151	 53	 8
151	 157	 2
151	 159	 9
151	 212	 8
151	 223	 3
151	 346	 6
151	 561	 8
151	 622	 6
151	 719	 6
151	 834	 4
151	 954	 4
151	 975	 1
152	 95	 9
152	 102	 4
152	 211	 1
152	 238	 3
152	 428	 5
152	 564	 8
152	 638	 4
152	 681	 7
152	 710	 9
152	 736	 6
153	 22	 4
153	 382	 7
153	 404	 7
153	 521	 7
153	 569	 9
153	 685	 9
153	 785	 3
153	 815	 3
153	 876	 9
153	 925	 9
154	 164	 9
154	 338	 4
154	 422	 9
154	 429	 1
154	 485	 5
154	 503	 4
154	 648	 6
154	 786	 3
154	 818	 6
154	 888	 4
154	 910	 9
155	 49	 6
155	 73	 1
155	 189	 3
155	 323	 4
155	 366	 8
155	 420	 7
155	 477	 1
155	 492	 1
155	 683	 9
155	 937	 8
155	 953	 3
156	 14	 2
156	 74	 2
156	 150	 9
156	 161	 6
156	 260	 1
156	 558	 9
156	 647	 2
156	 667	 1
156	 734	 1
156	 760	 9
156	 805	 5
156	 854	 6
156	 951	 4
157	 65	 3
157	 68	 3
157	 327	 7
157	 404	 1
157	 476	 3
157	 548	 9
157	 631	 9
157	 673	 4
157	 756	 1
157	 970	 5
158	 13	 9
158	 148	 8
158	 160	 4
158	 257	 3
158	 277	 9
158	 352	 9
158	 488	 1
158	 493	 1
158	 570	 7
158	 582	 3
158	 814	 8
158	 888	 3
158	 953	 7
159	 172	 7
159	 207	 2
159	 549	 5
159	 581	 4
159	 838	 3
160	 31	 9
160	 148	 4
160	 160	 9
160	 176	 8
160	 199	 5
160	 255	 5
160	 288	 9
160	 461	 9
160	 579	 3
160	 672	 3
160	 680	 9
160	 746	 2
160	 794	 3
161	 120	 5
161	 429	 6
161	 464	 2
161	 502	 3
161	 578	 1
161	 641	 8
161	 691	 2
161	 699	 6
161	 745	 3
161	 756	 4
161	 766	 5
161	 996	 5
162	 59	 7
162	 241	 6
162	 274	 5
162	 459	 8
162	 592	 7
162	 945	 9
162	 950	 9
162	 957	 5
162	 976	 4
163	 3	 8
163	 82	 9
163	 479	 3
163	 744	 9
163	 745	 3
163	 831	 9
164	 26	 9
164	 181	 2
164	 192	 4
164	 214	 7
164	 251	 8
164	 367	 5
164	 457	 3
164	 698	 6
164	 737	 8
164	 889	 6
164	 916	 3
164	 988	 2
165	 16	 1
165	 317	 8
165	 382	 9
165	 445	 1
165	 480	 8
165	 503	 6
165	 542	 8
165	 698	 8
165	 699	 1
165	 790	 8
165	 848	 4
165	 936	 8
166	 167	 2
166	 201	 8
166	 224	 5
166	 260	 8
166	 273	 9
166	 299	 5
166	 383	 4
166	 708	 7
166	 747	 7
166	 782	 1
166	 799	 4
166	 921	 2
167	 41	 1
167	 191	 8
167	 338	 4
167	 367	 3
167	 841	 2
168	 265	 7
168	 328	 4
168	 329	 5
168	 333	 9
168	 338	 2
168	 523	 2
168	 619	 9
168	 659	 7
168	 692	 3
168	 760	 6
168	 795	 6
168	 846	 5
168	 988	 8
169	 38	 3
169	 123	 3
169	 158	 4
169	 467	 9
169	 545	 1
169	 598	 7
169	 757	 2
170	 109	 7
170	 158	 9
170	 212	 2
170	 272	 8
170	 330	 8
170	 414	 9
170	 474	 7
170	 512	 3
170	 540	 3
170	 575	 1
170	 619	 7
170	 844	 8
170	 924	 8
171	 375	 5
171	 382	 6
171	 463	 8
171	 467	 1
171	 575	 7
171	 603	 3
171	 729	 3
171	 846	 7
171	 897	 3
171	 908	 6
171	 996	 2
172	 16	 5
172	 233	 1
172	 607	 3
172	 671	 5
172	 678	 5
172	 719	 9
172	 898	 7
173	 254	 5
173	 391	 2
173	 461	 6
173	 469	 9
173	 794	 6
173	 803	 9
174	 122	 5
174	 193	 5
174	 243	 4
174	 515	 5
174	 733	 4
174	 745	 9
174	 762	 9
174	 823	 2
174	 883	 2
174	 903	 6
175	 148	 4
175	 165	 1
175	 237	 5
175	 319	 3
175	 408	 7
175	 426	 1
175	 584	 5
175	 706	 7
175	 773	 4
175	 926	 8
175	 972	 4
176	 62	 4
176	 227	 7
176	 342	 3
176	 405	 5
176	 564	 7
176	 583	 2
176	 770	 4
176	 826	 8
176	 872	 6
176	 916	 6
177	 241	 2
177	 249	 3
177	 638	 8
177	 650	 7
177	 662	 8
177	 745	 3
177	 756	 9
177	 809	 3
177	 918	 7
177	 921	 8
178	 56	 4
178	 424	 5
178	 456	 6
178	 550	 6
178	 608	 9
178	 615	 8
178	 787	 3
178	 799	 4
179	 11	 6
179	 122	 6
179	 123	 7
179	 181	 2
179	 341	 1
179	 674	 9
179	 709	 1
179	 735	 9
179	 856	 6
179	 931	 2
179	 932	 2
179	 937	 1
180	 24	 2
180	 173	 9
180	 214	 3
180	 287	 6
180	 525	 3
180	 578	 7
180	 702	 8
180	 995	 6
181	 12	 3
181	 56	 3
181	 166	 4
181	 248	 2
181	 498	 3
181	 516	 5
181	 636	 2
181	 663	 6
181	 685	 6
181	 808	 5
181	 990	 5
182	 22	 8
182	 40	 1
182	 267	 7
182	 322	 2
182	 390	 9
182	 480	 1
182	 502	 4
182	 628	 5
182	 711	 3
182	 968	 4
183	 190	 7
183	 207	 4
183	 226	 4
183	 363	 7
183	 587	 3
183	 779	 7
183	 905	 6
184	 53	 9
184	 204	 3
184	 333	 8
184	 381	 4
184	 437	 9
184	 691	 9
184	 727	 2
184	 871	 9
185	 69	 8
185	 127	 5
185	 204	 2
185	 217	 8
185	 248	 3
185	 283	 2
185	 557	 7
185	 590	 1
185	 885	 2
186	 30	 6
186	 35	 5
186	 287	 1
186	 336	 6
186	 485	 2
186	 523	 2
186	 549	 4
186	 773	 1
186	 804	 8
186	 852	 4
186	 986	 1
187	 55	 1
187	 112	 9
187	 127	 8
187	 190	 4
187	 229	 9
187	 379	 3
187	 568	 7
187	 751	 3
187	 775	 2
187	 857	 8
187	 967	 3
188	 11	 6
188	 77	 5
188	 94	 2
188	 159	 6
188	 254	 4
188	 305	 1
188	 414	 3
188	 463	 9
188	 475	 5
188	 577	 9
188	 843	 3
188	 858	 3
188	 871	 7
188	 913	 4
189	 140	 1
189	 639	 3
189	 710	 6
189	 735	 8
189	 957	 8
190	 50	 8
190	 100	 2
190	 147	 5
190	 460	 2
190	 489	 4
190	 507	 3
190	 540	 1
190	 670	 5
190	 723	 5
190	 991	 9
190	 994	 7
191	 212	 5
191	 319	 2
191	 485	 8
191	 579	 9
191	 625	 4
191	 671	 4
191	 729	 8
191	 955	 2
192	 12	 1
192	 67	 9
192	 310	 9
192	 373	 2
192	 400	 2
192	 418	 9
192	 680	 1
192	 698	 3
192	 894	 3
193	 195	 4
193	 284	 8
193	 307	 6
193	 426	 3
193	 440	 2
193	 666	 4
193	 692	 7
193	 846	 5
194	 167	 9
194	 291	 2
194	 329	 4
194	 408	 9
194	 669	 4
194	 677	 7
194	 873	 6
194	 906	 5
195	 73	 6
195	 125	 1
195	 376	 3
195	 390	 2
195	 859	 5
196	 57	 2
196	 108	 2
196	 242	 2
196	 381	 6
196	 536	 5
196	 755	 9
196	 947	 9
197	 0	 2
197	 93	 2
197	 258	 7
197	 259	 5
197	 484	 9
197	 555	 5
197	 609	 5
197	 698	 5
197	 703	 7
197	 810	 4
197	 968	 9
198	 115	 5
198	 160	 1
198	 191	 2
198	 278	 3
198	 361	 9
198	 386	 8
198	 390	 9
198	 591	 1
198	 602	 6
198	 605	 7
198	 795	 8
198	 814	 7
198	 831	 4
198	 915	 5
199	 225	 7
199	 241	 1
199	 311	 6
199	 370	 6
199	 402	 1
199	 504	 7
199	 845	 9
199	 935	 7
200	 221	 9
200	 368	 1
200	 443	 8
200	 444	 1
200	 829	 3
200	 869	 9
200	 901	 1
201	 206	 5
201	 213	 3
201	 329	 2
201	 343	 9
201	 375	 1
201	 444	 8
201	 651	 5
201	 673	 9
201	 773	 3
201	 881	 4
201	 919	 2
201	 932	 1
201	 957	 9
201	 961	 2
202	 65	 6
202	 133	 1
202	 183	 3
202	 228	 8
202	 324	 7
202	 495	 7
202	 640	 2
202	 696	 5
202	 748	 3
202	 763	 1
202	 840	 4
203	 15	 1
203	 171	 5
203	 193	 5
203	 212	 7
203	 553	 5
203	 582	 3
203	 610	 2
203	 683	 7
203	 911	 1
204	 58	 7
204	 266	 4
204	 448	 6
204	 501	 7
204	 559	 6
204	 581	 1
204	 741	 2
204	 790	 4
204	 980	 1
205	 11	 2
205	 543	 8
205	 589	 3
205	 785	 9
205	 831	 6
205	 985	 8
206	 27	 3
206	 48	 7
206	 128	 7
206	 150	 9
206	 153	 8
206	 203	 6
206	 209	 6
206	 228	 6
206	 293	 5
206	 374	 8
206	 540	 6
206	 618	 9
206	 646	 7
206	 874	 6
206	 911	 6
206	 923	 8
207	 132	 9
207	 310	 5
207	 449	 8
207	 513	 3
207	 669	 2
207	 791	 5
207	 928	 4
207	 936	 2
207	 969	 7
208	 157	 9
208	 271	 3
208	 521	 5
208	 640	 4
208	 802	 7
208	 902	 5
208	 951	 7
209	 271	 2
209	 295	 3
209	 395	 7
209	 498	 2
209	 512	 1
209	 553	 5
209	 610	 2
209	 655	 7
209	 669	 6
209	 807	 6
209	 848	 5
210	 164	 1
210	 301	 9
210	 366	 5
210	 559	 8
210	 703	 7
210	 751	 1
210	 960	 6
210	 967	 2
211	 5	 3
211	 7	 5
211	 77	 4
211	 417	 9
211	 434	 2
211	 492	 1
211	 507	 8
211	 514	 8
211	 519	 6
211	 784	 5
211	 801	 2
211	 804	 9
211	 820	 6
211	 895	 6
212	 65	 5
212	 180	 6
212	 257	 3
212	 634	 8
212	 692	 8
212	 699	 6
212	 828	 4
212	 833	 8
212	 899	 7
212	 962	 3
212	 985	 3
213	 24	 5
213	 67	 3
213	 84	 4
213	 107	 5
213	 238	 4
213	 411	 5
213	 545	 3
213	 561	 4
213	 690	 1
213	 757	 2
214	 191	 7
214	 193	 2
214	 434	 2
214	 438	 8
214	 684	 9
214	 732	 4
214	 985	 1
214	 992	 5
215	 2	 8
215	 103	 7
215	 146	 8
215	 189	 6
215	 245	 9
215	 247	 6
215	 289	 2
215	 314	 3
215	 338	 7
215	 412	 7
215	 480	 6
215	 541	 6
215	 588	 5
215	 605	 3
215	 669	 7
215	 724	 3
215	 947	 4
216	 375	 6
216	 567	 4
216	 808	 4
216	 832	 5
216	 853	 8
216	 866	 1
216	 929	 1
216	 946	 1
217	 71	 6
217	 189	 7
217	 502	 7
217	 573	 5
217	 615	 8
217	 730	 5
217	 924	 4
218	 11	 6
218	 59	 4
218	 276	 8
218	 304	 8
218	 318	 5
218	 416	 1
218	 442	 3
218	 474	 7
218	 486	 2
218	 516	 7
218	 593	 7
218	 654	 2
218	 720	 5
218	 788	 8
218	 947	 4
219	 5	 7
219	 162	 3
219	 178	 6
219	 336	 3
219	 405	 3
219	 440	 3
219	 557	 2
219	 594	 9
219	 637	 1
219	 683	 2
219	 838	 1
219	 904	 8
220	 9	 8
220	 68	 5
220	 153	 1
220	 261	 2
220	 368	 7
220	 378	 4
220	 388	 9
220	 634	 1
220	 814	 6
220	 940	 3
221	 51	 3
221	 76	 9
221	 330	 4
221	 532	 8
221	 798	 1
221	 803	 8
221	 916	 2
221	 989	 7
222	 183	 5
222	 195	 8
222	 415	 3
222	 491	 5
222	 592	 9
222	 633	 4
222	 639	 5
222	 743	 5
222	 869	 3
222	 905	 6
223	 2	 7
223	 22	 2
223	 153	 5
223	 583	 8
223	 783	 2
223	 800	 6
223	 829	 9
223	 831	 8
224	 143	 2
224	 257	 6
224	 384	 3
224	 557	 1
224	 569	 1
224	 579	 6
224	 713	 6
224	 736	 3
224	 914	 4
224	 970	 9
225	 50	 9
225	 63	 1
225	 79	 4
225	 276	 5
225	 411	 5
225	 472	 4
225	 517	 5
225	 776	 2
225	 818	 7
225	 824	 2
226	 62	 7
226	 117	 9
226	 153	 4
226	 422	 4
226	 473	 7
226	 658	 9
226	 744	 5
226	 773	 4
226	 828	 4
226	 934	 5
227	 110	 7
227	 236	 8
227	 246	 4
227	 345	 1
227	 410	 8
227	 472	 8
227	 699	 9
227	 848	 1
228	 249	 9
228	 260	 3
228	 269	 8
228	 496	 7
228	 523	 9
228	 547	 9
228	 978	 3
229	 58	 8
229	 159	 9
229	 226	 8
229	 376	 4
229	 664	 5
229	 722	 6
229	 791	 9
229	 941	 4
230	 101	 8
230	 307	 2
230	 382	 5
230	 533	 4
230	 903	 8
230	 922	 8
230	 949	 6
230	 984	 6
231	 6	 4
231	 194	 1
231	 296	 4
231	 315	 6
231	 327	 6
231	 399	 6
231	 401	 3
231	 457	 8
231	 657	 9
231	 683	 6
231	 909	 1
231	 954	 7
231	 972	 7
232	 16	 2
232	 108	 5
232	 223	 8
232	 331	 9
232	 353	 9
232	 368	 8
232	 391	 2
232	 479	 1
232	 691	 4
232	 776	 8
232	 928	 3
233	 15	 6
233	 208	 9
233	 277	 9
233	 318	 1
233	 374	 7
233	 389	 2
233	 416	 9
233	 539	 3
233	 818	 4
233	 920	 5
234	 68	 1
234	 499	 2
234	 552	 5
234	 661	 1
234	 676	 4
234	 854	 4
235	 41	 9
235	 47	 3
235	 55	 2
235	 126	 8
235	 161	 2
235	 398	 1
235	 409	 3
235	 647	 2
235	 670	 9
235	 735	 2
235	 872	 1
235	 897	 2
236	 21	 5
236	 32	 5
236	 193	 6
236	 286	 6
236	 386	 8
236	 533	 2
236	 534	 3
236	 615	 8
236	 738	 5
236	 833	 3
236	 869	 2
236	 954	 8
236	 973	 9
237	 2	 2
237	 119	 8
237	 130	 9
237	 133	 5
237	 245	 1
237	 302	 8
237	 380	 3
237	 381	 8
237	 982	 6
238	 228	 2
238	 233	 9
238	 301	 2
238	 333	 3
238	 334	 8
238	 350	 3
238	 396	 2
238	 464	 9
238	 489	 8
238	 560	 2
238	 648	 9
238	 676	 4
238	 951	 2
238	 983	 5
239	 58	 2
239	 89	 5
239	 336	 4
239	 532	 5
239	 556	 7
239	 584	 2
239	 678	 4
239	 737	 4
239	 774	 1
239	 831	 8
239	 845	 4
239	 928	 8
239	 962	 3
240	 105	 7
240	 133	 1
240	 155	 8
240	 368	 3
240	 546	 4
240	 588	 3
240	 777	 8
240	 781	 7
240	 922	 8
240	 937	 2
241	 30	 3
241	 202	 3
241	 250	 1
241	 303	 5
241	 521	 4
241	 789	 2
241	 935	 2
242	 9	 8
242	 16	 2
242	 72	 4
242	 218	 8
242	 263	 9
242	 268	 6
242	 366	 9
242	 462	 8
242	 506	 7
242	 830	 5
242	 860	 2
242	 992	 7
243	 326	 9
243	 387	 7
243	 419	 4
243	 504	 1
243	 562	 5
243	 689	 8
243	 835	 9
243	 842	 9
243	 886	 5
243	 938	 5
244	 148	 3
244	 218	 6
244	 254	 8
244	 335	 6
244	 386	 3
244	 441	 3
244	 514	 2
244	 518	 7
244	 717	 4
244	 756	 1
244	 801	 2
244	 816	 4
244	 817	 5
244	 926	 7
245	 243	 4
245	 271	 9
245	 290	 6
245	 302	 6
245	 600	 7
245	 643	 4
245	 674	 6
245	 741	 3
245	 773	 5
245	 939	 4
246	 35	 5
246	 359	 7
246	 381	 1
246	 410	 7
246	 440	 8
246	 615	 8
246	 666	 9
246	 854	 7
246	 872	 2
246	 962	 3
247	 141	 3
247	 145	 9
247	 210	 3
247	 213	 3
247	 272	 1
247	 282	 8
247	 301	 8
247	 367	 4
247	 481	 5
247	 498	 5
247	 619	 6
247	 859	 6
248	 104	 9
248	 234	 1
248	 278	 4
248	 638	 9
248	 759	 5
248	 993	 1
249	 94	 1
249	 225	 3
249	 335	 4
249	 390	 1
249	 504	 7
249	 559	 4
249	 570	 2
249	 877	 6
249	 910	 5
249	 915	 2
249	 948	 6
250	 122	 7
250	 134	 7
250	 293	 2
250	 481	 3
250	 487	 8
250	 518	 8
250	 637	 1
250	 646	 4
250	 795	 9
250	 846	 6
250	 895	 9
250	 900	 1
251	 7	 6
251	 11	 4
251	 264	 8
251	 286	 7
251	 394	 4
251	 502	 5
251	 559	 4
251	 618	 9
251	 835	 6
252	 131	 5
252	 200	 1
252	 229	 1
252	 389	 9
252	 474	 4
252	 532	 6
252	 633	 4
252	 886	 1
252	 935	 7
252	 956	 5
252	 965	 5
252	 980	 2
253	 16	 5
253	 179	 1
253	 187	 8
253	 195	 6
253	 476	 6
253	 499	 2
253	 956	 7
254	 84	 9
254	 357	 4
254	 598	 2
254	 637	 2
254	 645	 4
254	 683	 2
254	 694	 5
254	 836	 2
255	 60	 3
255	 134	 1
255	 394	 9
255	 560	 4
255	 682	 6
255	 708	 6
256	 42	 2
256	 132	 3
256	 184	 9
256	 276	 8
256	 295	 1
256	 345	 9
256	 351	 3
256	 382	 8
256	 398	 7
256	 576	 6
256	 675	 7
256	 755	 3
256	 857	 1
256	 939	 4
257	 291	 6
257	 387	 8
257	 707	 2
257	 717	 7
257	 789	 8
257	 895	 8
258	 89	 5
258	 92	 2
258	 106	 4
258	 134	 9
258	 322	 6
258	 341	 7
258	 672	 4
258	 797	 4
258	 887	 4
258	 946	 5
259	 81	 5
259	 124	 4
259	 168	 6
259	 192	 2
259	 233	 6
259	 236	 4
259	 298	 3
259	 332	 6
259	 413	 1
259	 440	 2
259	 485	 3
259	 675	 4
259	 716	 5
259	 823	 2
259	 855	 9
259	 923	 8
259	 987	 5
260	 181	 9
260	 216	 6
260	 230	 6
260	 305	 1
260	 584	 3
260	 787	 8
261	 88	 1
261	 250	 3
261	 281	 9
261	 517	 8
261	 522	 7
261	 684	 4
261	 692	 1
261	 729	 9
261	 961	 5
262	 79	 7
262	 165	 4
262	 173	 9
262	 305	 9
262	 328	 4
262	 562	 1
262	 596	 7
262	 702	 4
262	 798	 7
262	 799	 5
262	 935	 9
263	 52	 3
263	 57	 6
263	 63	 1
263	 109	 3
263	 185	 6
263	 206	 8
263	 215	 6
263	 310	 4
263	 330	 8
263	 660	 9
263	 694	 5
263	 924	 1
263	 929	 1
264	 8	 2
264	 32	 7
264	 538	 8
264	 646	 8
264	 922	 2
264	 953	 2
264	 981	 5
265	 51	 1
265	 133	 9
265	 286	 3
265	 377	 6
265	 527	 2
265	 639	 2
265	 645	 5
265	 693	 9
265	 820	 9
265	 901	 7
265	 909	 6
266	 53	 4
266	 68	 1
266	 358	 5
266	 446	 1
266	 540	 9
266	 610	 9
266	 983	 5
267	 34	 3
267	 125	 4
267	 137	 1
267	 320	 6
267	 418	 5
267	 475	 5
267	 524	 9
267	 596	 4
267	 642	 6
267	 660	 6
267	 831	 1
267	 834	 8
267	 906	 7
268	 2	 7
268	 19	 5
268	 190	 8
268	 235	 9
268	 413	 1
268	 483	 8
268	 492	 3
268	 523	 7
268	 625	 3
268	 630	 9
268	 636	 8
268	 739	 3
268	 752	 3
268	 899	 6
269	 394	 5
269	 406	 5
269	 417	 5
269	 497	 7
269	 549	 1
269	 591	 5
269	 758	 1
269	 818	 3
269	 939	 4
270	 13	 9
270	 59	 3
270	 94	 1
270	 122	 1
270	 356	 6
270	 491	 5
270	 561	 6
270	 643	 4
270	 735	 8
270	 745	 6
270	 769	 6
270	 850	 8
270	 932	 5
270	 933	 4
270	 994	 5
271	 24	 1
271	 188	 7
271	 245	 1
271	 531	 8
271	 570	 4
271	 787	 7
271	 976	 1
272	 98	 8
272	 116	 6
272	 218	 6
272	 293	 3
272	 305	 4
272	 421	 1
272	 429	 1
272	 525	 6
272	 618	 4
272	 702	 9
272	 879	 3
272	 880	 5
272	 919	 5
272	 928	 4
272	 930	 3
272	 939	 7
273	 18	 2
273	 34	 7
273	 275	 7
273	 297	 1
273	 409	 2
273	 451	 3
273	 505	 4
273	 555	 1
273	 844	 2
273	 869	 4
273	 955	 1
274	 6	 1
274	 587	 7
274	 772	 4
274	 849	 8
274	 941	 2
275	 49	 3
275	 73	 3
275	 334	 1
275	 363	 5
275	 449	 4
275	 497	 7
275	 681	 6
275	 698	 9
275	 794	 1
275	 817	 3
275	 915	 9
276	 110	 3
276	 137	 4
276	 213	 3
276	 235	 4
276	 256	 7
276	 437	 8
276	 463	 9
276	 535	 8
276	 709	 4
276	 772	 4
276	 815	 7
276	 919	 1
277	 15	 6
277	 67	 9
277	 234	 4
277	 319	 7
277	 673	 2
277	 748	 2
277	 962	 6
278	 26	 7
278	 250	 3
278	 340	 6
278	 352	 3
278	 541	 2
278	 755	 9
278	 762	 8
278	 850	 8
279	 71	 5
279	 115	 1
279	 131	 1
279	 299	 5
279	 332	 4
279	 576	 6
279	 699	 8
280	 58	 4
280	 165	 4
280	 287	 3
280	 289	 3
280	 322	 4
280	 350	 7
280	 358	 2
280	 363	 1
280	 490	 6
280	 683	 1
280	 725	 2
280	 794	 4
280	 866	 1
280	 882	 6
280	 923	 2
280	 954	 1
280	 958	 7
280	 986	 8
281	 64	 8
281	 135	 1
281	 292	 8
281	 393	 8
281	 440	 8
281	 547	 8
281	 749	 8
281	 882	 3
281	 907	 7
282	 1	 2
282	 53	 5
282	 59	 3
282	 73	 2
282	 194	 4
282	 311	 5
282	 403	 7
282	 463	 8
282	 543	 9
282	 590	 3
282	 613	 9
282	 625	 2
282	 849	 1
282	 916	 7
283	 33	 9
283	 105	 1
283	 358	 7
283	 376	 8
283	 448	 1
283	 714	 5
283	 878	 5
283	 898	 2
283	 940	 4
283	 955	 4
284	 21	 4
284	 36	 1
284	 273	 8
284	 304	 1
284	 396	 2
284	 446	 3
284	 468	 4
284	 520	 7
284	 531	 4
284	 609	 7
284	 639	 4
284	 647	 2
284	 659	 7
284	 821	 2
284	 938	 2
284	 992	 9
285	 4	 8
285	 143	 6
285	 512	 7
285	 670	 3
285	 808	 6
285	 870	 9
285	 933	 7
286	 7	 2
286	 72	 5
286	 168	 7
286	 283	 4
286	 390	 8
286	 449	 9
286	 474	 2
286	 564	 4
286	 593	 9
286	 691	 8
286	 719	 7
286	 756	 2
286	 779	 2
286	 884	 6
286	 975	 8
286	 993	 8
287	 44	 5
287	 46	 8
287	 113	 5
287	 166	 7
287	 434	 8
287	 808	 5
287	 917	 4
288	 49	 9
288	 61	 8
288	 163	 6
288	 211	 9
288	 253	 4
288	 370	 6
288	 637	 5
288	 648	 1
288	 761	 1
288	 789	 8
288	 867	 7
288	 900	 2
288	 914	 5
288	 924	 4
288	 957	 8
288	 963	 5
289	 108	 6
289	 292	 2
289	 377	 5
289	 379	 4
289	 419	 5
289	 439	 2
289	 567	 7
289	 824	 2
289	 998	 6
290	 38	 1
290	 42	 6
290	 135	 2
290	 331	 7
290	 566	 9
290	 724	 2
291	 90	 7
291	 153	 8
291	 370	 3
291	 452	 1
291	 614	 7
291	 810	 9
292	 30	 8
292	 84	 5
292	 184	 2
292	 206	 7
292	 334	 7
292	 359	 9
292	 370	 5
292	 619	 8
292	 769	 7
292	 797	 2
292	 896	 3
292	 986	 1
292	 991	 7
293	 208	 1
293	 440	 1
293	 503	 4
293	 607	 7
293	 700	 8
293	 736	 9
293	 742	 9
293	 844	 6
293	 919	 3
294	 188	 5
294	 424	 1
294	 431	 8
294	 450	 8
294	 930	 4
294	 977	 3
295	 16	 4
295	 83	 1
295	 111	 2
295	 183	 1
295	 201	 1
295	 202	 5
295	 257	 1
295	 413	 7
295	 550	 9
295	 581	 3
295	 650	 4
295	 677	 5
295	 841	 8
295	 985	 1
296	 111	 2
296	 163	 3
296	 177	 6
296	 307	 9
296	 329	 4
296	 337	 1
296	 361	 3
296	 425	 1
296	 454	 1
296	 525	 6
296	 592	 4
296	 605	 5
296	 619	 6
296	 725	 9
296	 895	 9
296	 942	 4
296	 972	 1
296	 985	 6
297	 282	 3
297	 316	 8
297	 363	 6
297	 469	 2
297	 493	 2
297	 804	 4
297	 908	 2
297	 929	 3
298	 33	 6
298	 75	 5
298	 166	 4
298	 719	 8
298	 756	 2
298	 856	 6
299	 12	 8
299	 81	 2
299	 108	 8
299	 338	 1
299	 361	 9
299	 525	 2
299	 950	 4
300	 3	 3
300	 5	 8
300	 89	 8
300	 110	 6
300	 223	 5
300	 373	 9
300	 546	 6
300	 778	 5
300	 918	 5
300	 948	 5
301	 24	 2
301	 45	 4
301	 95	 2
301	 105	 1
301	 180	 6
301	 202	 1
301	 277	 8
301	 358	 7
301	 677	 8
301	 695	 7
301	 897	 1
301	 908	 5
301	 921	 6
301	 963	 5
302	 47	 8
302	 71	 9
302	 329	 6
302	 330	 9
302	 420	 6
302	 463	 8
302	 470	 6
302	 680	 8
302	 743	 7
302	 755	 9
303	 68	 6
303	 114	 2
303	 131	 6
303	 253	 9
303	 295	 2
303	 297	 6
303	 304	 8
303	 379	 7
303	 502	 8
303	 578	 1
303	 870	 5
303	 903	 2
304	 66	 8
304	 176	 8
304	 437	 1
304	 450	 2
304	 745	 6
305	 57	 7
305	 145	 5
305	 701	 1
305	 796	 8
305	 877	 9
305	 907	 1
306	 160	 2
306	 338	 3
306	 431	 6
306	 456	 5
306	 521	 3
306	 533	 5
306	 663	 7
306	 750	 5
306	 811	 5
306	 849	 4
306	 942	 2
306	 949	 5
307	 101	 9
307	 366	 6
307	 443	 2
307	 515	 3
307	 646	 3
307	 649	 7
307	 653	 8
307	 677	 6
307	 738	 2
307	 964	 6
308	 33	 2
308	 136	 2
308	 277	 5
308	 400	 4
308	 602	 4
308	 628	 5
308	 735	 7
309	 131	 9
309	 326	 1
309	 385	 1
309	 560	 9
309	 572	 4
309	 660	 2
309	 661	 2
309	 802	 3
309	 807	 5
310	 43	 7
310	 203	 2
310	 207	 4
310	 261	 9
310	 270	 9
310	 468	 4
310	 536	 2
310	 548	 2
310	 556	 3
310	 671	 1
310	 792	 6
310	 812	 4
311	 98	 2
311	 111	 3
311	 173	 6
311	 293	 5
311	 547	 8
311	 581	 3
312	 39	 4
312	 116	 6
312	 125	 8
312	 227	 7
312	 437	 3
312	 537	 8
312	 592	 1
312	 611	 7
312	 701	 7
313	 20	 3
313	 246	 4
313	 275	 9
313	 331	 2
313	 569	 1
313	 616	 5
313	 868	 5
314	 19	 4
314	 38	 9
314	 66	 2
314	 293	 8
314	 303	 7
314	 684	 8
314	 830	 2
314	 876	 3
314	 945	 7
315	 0	 7
315	 13	 8
315	 499	 5
315	 570	 6
315	 670	 2
315	 832	 8
315	 983	 6
316	 37	 7
316	 184	 5
316	 478	 6
316	 562	 7
316	 898	 7
316	 962	 9
317	 49	 4
317	 97	 9
317	 119	 7
317	 472	 7
317	 533	 6
317	 652	 4
317	 665	 3
317	 735	 4
317	 794	 2
317	 802	 4
317	 808	 7
318	 79	 7
318	 216	 3
318	 229	 7
318	 368	 7
318	 440	 1
318	 491	 5
319	 31	 9
319	 82	 9
319	 86	 4
319	 117	 1
319	 125	 6
319	 203	 5
319	 221	 2
319	 737	 3
319	 766	 5
319	 917	 1
320	 9	 4
320	 92	 2
320	 437	 6
320	 558	 2
320	 632	 7
321	 274	 9
321	 375	 1
321	 537	 8
321	 785	 8
321	 816	 2
321	 974	 3
322	 55	 3
322	 121	 9
322	 182	 2
322	 209	 9
322	 593	 4
322	 736	 5
322	 746	 1
322	 822	 3
322	 850	 1
322	 935	 9
322	 995	 6
323	 146	 6
323	 159	 2
323	 166	 7
323	 179	 4
323	 205	 2
323	 730	 2
323	 792	 4
323	 813	 8
323	 868	 1
323	 894	 9
323	 924	 5
324	 68	 9
324	 213	 3
324	 391	 4
324	 411	 4
324	 441	 9
324	 460	 5
324	 515	 6
324	 939	 7
325	 37	 6
325	 182	 3
325	 370	 1
325	 463	 1
325	 689	 4
325	 938	 3
326	 49	 8
326	 107	 3
326	 113	 6
326	 153	 9
326	 224	 9
326	 355	 6
326	 362	 9
326	 372	 7
326	 390	 7
326	 597	 6
326	 752	 6
326	 883	 4
326	 905	 9
327	 97	 1
327	 102	 6
327	 761	 6
327	 775	 9
327	 886	 7
327	 956	 5
327	 966	 1
328	 15	 7
328	 44	 5
328	 254	 4
328	 558	 1
328	 611	 2
328	 839	 8
328	 876	 8
328	 972	 7
329	 49	 8
329	 115	 2
329	 250	 6
329	 279	 8
329	 338	 6
329	 408	 9
329	 438	 5
329	 568	 5
329	 659	 4
330	 248	 3
330	 252	 5
330	 329	 4
330	 332	 5
330	 458	 8
330	 466	 8
330	 527	 1
330	 639	 8
330	 707	 9
330	 783	 6
330	 885	 5
330	 900	 4
330	 931	 7
331	 51	 5
331	 127	 3
331	 138	 5
331	 164	 6
331	 211	 5
331	 242	 5
331	 263	 1
331	 816	 8
331	 888	 1
331	 917	 7
332	 9	 1
332	 75	 4
332	 84	 6
332	 126	 1
332	 129	 8
332	 187	 6
332	 296	 3
332	 326	 1
332	 396	 2
332	 480	 3
332	 482	 2
332	 506	 2
332	 659	 2
332	 868	 6
332	 899	 9
332	 904	 8
333	 19	 2
333	 198	 5
333	 271	 1
333	 463	 4
333	 714	 1
333	 740	 3
333	 767	 6
333	 810	 2
333	 892	 6
333	 914	 2
333	 953	 3
334	 78	 9
334	 84	 3
334	 358	 9
334	 462	 4
334	 464	 9
334	 763	 1
334	 990	 6
335	 67	 3
335	 161	 2
335	 639	 3
335	 665	 3
335	 670	 1
335	 758	 9
335	 814	 1
335	 987	 7
336	 7	 6
336	 25	 8
336	 38	 9
336	 378	 9
336	 489	 5
336	 495	 7
336	 661	 2
336	 736	 2
336	 809	 4
337	 122	 6
337	 170	 3
337	 300	 7
337	 479	 5
337	 521	 5
337	 693	 9
337	 705	 7
337	 739	 6
337	 780	 7
337	 944	 7
337	 960	 5
338	 266	 9
338	 528	 5
338	 637	 8
338	 647	 4
338	 658	 8
338	 673	 9
338	 686	 1
338	 810	 7
338	 925	 1
338	 987	 6
339	 91	 4
339	 125	 5
339	 174	 5
339	 203	 2
339	 316	 1
339	 388	 7
339	 411	 4
339	 412	 4
339	 665	 5
339	 761	 3
339	 792	 5
339	 796	 7
339	 837	 7
339	 857	 5
340	 128	 7
340	 451	 3
340	 572	 6
340	 660	 4
340	 710	 3
340	 860	 7
340	 924	 7
341	 494	 3
341	 523	 5
341	 666	 9
341	 764	 5
341	 812	 7
341	 814	 2
341	 859	 9
341	 941	 9
342	 60	 1
342	 96	 9
342	 144	 4
342	 346	 3
342	 424	 6
342	 426	 8
342	 429	 4
342	 430	 1
342	 643	 2
342	 669	 3
342	 681	 9
342	 772	 3
342	 773	 7
342	 938	 7
342	 946	 4
343	 29	 6
343	 168	 1
343	 193	 6
343	 276	 2
343	 386	 8
343	 448	 1
343	 496	 3
343	 714	 2
343	 839	 1
343	 935	 2
343	 988	 9
344	 16	 2
344	 126	 2
344	 179	 1
344	 265	 8
344	 507	 9
344	 561	 4
344	 583	 9
344	 641	 5
344	 734	 7
345	 80	 3
345	 149	 6
345	 229	 3
345	 377	 1
345	 475	 9
345	 621	 2
345	 740	 2
345	 845	 6
345	 862	 7
346	 31	 9
346	 123	 1
346	 171	 2
346	 324	 8
346	 525	 8
346	 528	 6
346	 617	 5
346	 648	 7
346	 847	 4
346	 954	 8
347	 28	 4
347	 50	 1
347	 141	 7
347	 272	 1
347	 422	 8
347	 472	 3
347	 475	 9
347	 675	 5
347	 741	 7
347	 843	 5
347	 957	 7
348	 138	 9
348	 441	 9
348	 505	 1
348	 507	 9
348	 692	 7
348	 839	 8
348	 841	 8
348	 922	 7
349	 18	 6
349	 46	 7
349	 83	 3
349	 125	 3
349	 458	 2
349	 652	 2
349	 747	 9
349	 820	 8
349	 901	 9
349	 916	 6
349	 924	 1
350	 107	 1
350	 179	 1
350	 298	 4
350	 322	 9
350	 510	 6
350	 524	 3
350	 721	 3
350	 911	 8
351	 157	 9
351	 311	 9
351	 441	 8
351	 519	 3
351	 544	 8
351	 667	 3
351	 798	 9
351	 888	 3
352	 56	 7
352	 65	 7
352	 67	 2
352	 115	 7
352	 195	 7
352	 299	 1
352	 767	 9
352	 890	 4
352	 907	 1
352	 929	 4
353	 18	 6
353	 27	 7
353	 197	 3
353	 304	 6
353	 311	 3
353	 392	 6
353	 415	 7
353	 622	 7
353	 638	 1
353	 742	 8
353	 795	 2
353	 823	 1
353	 985	 2
354	 115	 4
354	 195	 5
354	 254	 6
354	 456	 9
354	 627	 8
354	 658	 3
354	 712	 9
354	 742	 2
354	 784	 5
354	 799	 7
354	 946	 1
355	 13	 7
355	 89	 4
355	 190	 7
355	 253	 8
355	 276	 7
355	 277	 1
355	 675	 1
355	 684	 2
355	 829	 2
355	 927	 2
355	 943	 6
356	 61	 3
356	 110	 9
356	 212	 8
356	 255	 8
356	 399	 2
356	 418	 6
356	 609	 5
356	 815	 4
356	 982	 5
356	 988	 3
357	 121	 9
357	 173	 9
357	 187	 2
357	 613	 9
357	 697	 8
357	 703	 6
358	 35	 2
358	 132	 9
358	 317	 8
358	 367	 6
358	 439	 5
358	 835	 4
358	 849	 7
359	 4	 4
359	 9	 2
359	 86	 1
359	 175	 9
359	 237	 7
359	 547	 4
359	 970	 3
360	 76	 7
360	 337	 9
360	 458	 1
360	 524	 6
360	 529	 3
360	 752	 5
360	 768	 3
360	 934	 7
361	 92	 2
361	 173	 6
361	 185	 1
361	 194	 8
361	 757	 2
362	 324	 8
362	 381	 1
362	 508	 4
362	 620	 1
362	 667	 6
362	 704	 1
362	 750	 1
362	 996	 6
363	 38	 3
363	 111	 5
363	 129	 6
363	 279	 2
363	 381	 9
363	 461	 8
363	 478	 2
363	 490	 3
363	 569	 3
363	 775	 4
363	 842	 8
364	 48	 2
364	 102	 3
364	 152	 3
364	 162	 2
364	 198	 4
364	 481	 6
364	 607	 9
364	 674	 2
364	 776	 9
364	 853	 3
364	 922	 1
365	 119	 5
365	 161	 7
365	 285	 5
365	 545	 4
365	 633	 4
365	 657	 8
365	 698	 5
365	 794	 4
365	 976	 2
366	 0	 8
366	 28	 9
366	 59	 7
366	 88	 3
366	 127	 4
366	 287	 9
366	 461	 2
366	 779	 1
366	 833	 3
366	 931	 2
367	 5	 2
367	 64	 1
367	 132	 8
367	 429	 6
367	 554	 5
367	 573	 6
367	 583	 2
367	 637	 2
367	 694	 3
367	 740	 9
367	 743	 1
367	 758	 2
367	 821	 1
367	 845	 3
368	 694	 7
368	 700	 4
368	 723	 6
368	 756	 8
368	 865	 1
368	 913	 7
369	 177	 9
369	 219	 1
369	 263	 9
369	 284	 7
369	 352	 5
369	 367	 4
369	 435	 9
369	 532	 7
369	 635	 7
369	 777	 8
369	 794	 4
369	 883	 6
369	 899	 2
370	 111	 9
370	 164	 8
370	 185	 9
370	 372	 6
370	 450	 6
370	 682	 5
370	 821	 4
370	 854	 8
370	 857	 5
371	 459	 6
371	 831	 9
371	 898	 3
371	 914	 6
371	 958	 9
372	 50	 2
372	 125	 5
372	 232	 3
372	 416	 7
372	 434	 7
372	 563	 7
372	 565	 6
372	 571	 9
372	 757	 5
372	 972	 7
373	 64	 6
373	 79	 6
373	 372	 8
373	 577	 1
373	 627	 4
373	 653	 9
373	 671	 5
373	 687	 2
373	 780	 6
373	 900	 4
373	 949	 7
373	 975	 8
374	 21	 3
374	 85	 5
374	 111	 6
374	 138	 8
374	 292	 8
374	 396	 2
374	 403	 7
374	 432	 3
374	 450	 8
374	 581	 4
374	 603	 8
374	 631	 4
374	 632	 3
374	 653	 5
374	 676	 1
374	 700	 5
374	 887	 8
374	 901	 8
375	 60	 6
375	 81	 2
375	 286	 3
375	 343	 5
375	 391	 6
375	 470	 1
375	 503	 1
375	 669	 8
375	 723	 3
375	 730	 3
375	 803	 8
375	 805	 4
376	 19	 3
376	 40	 3
376	 288	 1
376	 294	 3
376	 462	 5
376	 639	 5
376	 652	 4
376	 654	 7
376	 837	 5
376	 930	 4
377	 118	 1
377	 166	 8
377	 187	 4
377	 384	 4
377	 522	 8
377	 586	 6
377	 587	 1
377	 750	 3
377	 779	 5
377	 887	 5
377	 898	 2
378	 1	 4
378	 9	 8
378	 99	 3
378	 138	 2
378	 278	 9
378	 721	 3
378	 725	 7
378	 787	 1
378	 800	 9
378	 897	 8
378	 906	 9
379	 109	 8
379	 142	 8
379	 167	 7
379	 211	 4
379	 218	 3
379	 276	 3
379	 402	 1
379	 442	 6
379	 601	 7
379	 657	 4
379	 819	 2
379	 834	 4
379	 906	 4
379	 928	 5
380	 41	 1
380	 62	 1
380	 72	 4
380	 76	 1
380	 328	 6
380	 459	 1
380	 555	 9
380	 622	 6
380	 624	 1
380	 665	 5
380	 679	 9
380	 695	 6
380	 808	 2
380	 845	 3
380	 880	 5
380	 891	 6
380	 914	 6
380	 967	 9
381	 21	 7
381	 85	 8
381	 102	 1
381	 123	 3
381	 137	 1
381	 172	 6
381	 222	 3
381	 411	 6
381	 449	 3
381	 454	 9
381	 675	 4
381	 688	 4
381	 762	 1
381	 782	 7
381	 864	 6
381	 945	 2
382	 114	 3
382	 242	 4
382	 316	 3
382	 532	 9
382	 555	 6
382	 632	 8
382	 716	 9
382	 808	 5
383	 125	 8
383	 162	 6
383	 215	 8
383	 363	 9
383	 509	 5
383	 555	 2
383	 574	 6
383	 691	 3
384	 52	 3
384	 117	 6
384	 195	 9
384	 261	 1
384	 455	 8
384	 613	 2
384	 620	 8
384	 818	 2
384	 833	 5
384	 882	 9
384	 987	 3
385	 193	 2
385	 364	 1
385	 573	 5
385	 670	 8
385	 738	 4
385	 949	 4
386	 92	 3
386	 110	 3
386	 227	 1
386	 238	 9
386	 377	 7
386	 411	 1
386	 506	 4
386	 767	 1
386	 790	 9
386	 962	 4
387	 76	 9
387	 139	 5
387	 291	 5
387	 958	 4
388	 134	 8
388	 217	 7
388	 336	 1
388	 376	 4
388	 649	 9
388	 812	 8
388	 846	 8
388	 936	 3
389	 179	 2
389	 217	 4
389	 259	 8
389	 293	 9
389	 313	 8
389	 535	 3
389	 592	 9
389	 619	 4
389	 656	 6
389	 697	 1
389	 978	 7
389	 987	 3
390	 10	 9
390	 114	 1
390	 178	 4
390	 259	 8
390	 265	 3
390	 391	 4
390	 495	 6
390	 518	 1
390	 548	 3
390	 812	 1
390	 833	 3
390	 935	 9
390	 983	 1
391	 152	 8
391	 169	 4
391	 248	 9
391	 434	 4
391	 478	 4
391	 491	 1
391	 578	 9
391	 636	 6
391	 737	 3
391	 768	 5
391	 968	 6
392	 8	 4
392	 46	 5
392	 488	 4
392	 565	 6
392	 572	 3
392	 630	 7
392	 651	 6
392	 810	 7
392	 825	 4
392	 866	 1
392	 963	 7
393	 225	 5
393	 440	 4
393	 651	 7
393	 682	 2
393	 757	 1
393	 796	 7
393	 821	 1
394	 9	 1
394	 110	 4
394	 119	 1
394	 144	 8
394	 206	 6
394	 325	 7
394	 452	 7
394	 627	 9
394	 713	 9
394	 770	 2
394	 865	 9
394	 954	 3
395	 6	 1
395	 208	 4
395	 217	 6
395	 277	 2
395	 333	 9
395	 350	 2
395	 394	 9
395	 444	 9
395	 445	 8
395	 521	 2
395	 666	 6
395	 900	 4
395	 911	 9
396	 88	 9
396	 430	 8
396	 624	 9
396	 682	 4
396	 958	 1
397	 137	 1
397	 264	 6
397	 271	 1
397	 341	 6
397	 582	 2
397	 645	 6
397	 737	 1
397	 756	 4
398	 171	 3
398	 274	 9
398	 333	 3
398	 409	 7
398	 590	 5
398	 699	 5
398	 714	 4
398	 792	 6
398	 833	 4
398	 890	 3
399	 165	 1
399	 206	 5
399	 252	 3
399	 502	 4
399	 536	 3
399	 653	 9
399	 667	 3
399	 698	 9
399	 781	 7
400	 108	 3
400	 200	 2
400	 278	 5
400	 381	 8
400	 404	 9
400	 570	 4
400	 587	 9
400	 639	 6
400	 680	 5
400	 807	 5
400	 845	 4
400	 870	 3
400	 901	 4
400	 949	 7
401	 46	 6
401	 124	 8
401	 293	 1
401	 359	 4
401	 442	 8
401	 461	 7
401	 507	 5
401	 545	 4
401	 729	 5
401	 832	 1
401	 841	 5
402	 52	 4
402	 57	 5
402	 106	 2
402	 317	 4
402	 341	 4
402	 345	 5
402	 395	 6
402	 462	 1
402	 539	 6
402	 637	 2
402	 669	 6
402	 911	 6
402	 939	 1
402	 954	 9
403	 81	 8
403	 375	 6
403	 592	 9
403	 628	 1
403	 772	 9
403	 804	 4
403	 885	 8
403	 892	 1
403	 964	 5
404	 201	 6
404	 244	 3
404	 282	 9
404	 334	 8
404	 391	 2
404	 398	 4
404	 461	 8
404	 491	 4
404	 697	 6
404	 822	 8
404	 843	 8
405	 292	 9
405	 376	 1
405	 435	 2
405	 720	 5
405	 812	 2
405	 991	 1
406	 230	 4
406	 295	 8
406	 329	 7
406	 398	 6
406	 501	 2
406	 649	 3
406	 665	 6
406	 801	 7
406	 810	 8
406	 879	 1
406	 924	 2
407	 16	 2
407	 85	 5
407	 112	 6
407	 504	 1
407	 524	 1
407	 636	 1
407	 693	 3
408	 30	 8
408	 107	 9
408	 299	 5
408	 382	 1
408	 502	 4
408	 507	 3
408	 687	 8
408	 827	 6
409	 26	 5
409	 421	 8
409	 473	 8
409	 613	 6
409	 768	 8
409	 948	 6
409	 970	 9
410	 139	 1
410	 283	 7
410	 374	 1
410	 376	 5
410	 522	 1
410	 677	 6
410	 787	 9
410	 896	 7
410	 945	 5
410	 956	 7
410	 992	 8
411	 74	 1
411	 172	 7
411	 466	 5
411	 571	 2
411	 785	 9
411	 930	 2
411	 935	 7
412	 414	 1
412	 433	 6
412	 498	 3
412	 536	 7
412	 613	 1
412	 758	 4
412	 935	 1
413	 94	 2
413	 152	 9
413	 234	 8
413	 258	 9
413	 277	 2
413	 293	 1
413	 341	 3
413	 428	 3
413	 593	 7
413	 720	 4
413	 979	 2
414	 94	 8
414	 393	 1
414	 645	 8
414	 739	 6
414	 786	 7
414	 814	 8
414	 872	 2
414	 906	 7
415	 136	 9
415	 246	 7
415	 304	 5
415	 382	 3
415	 447	 7
415	 452	 6
415	 531	 3
415	 607	 8
415	 656	 8
415	 731	 7
415	 793	 3
415	 799	 5
415	 937	 8
415	 962	 9
415	 978	 2
416	 351	 4
416	 390	 2
416	 631	 3
416	 637	 1
416	 663	 2
416	 917	 7
417	 467	 2
417	 555	 7
417	 618	 9
417	 802	 3
417	 873	 5
417	 985	 2
418	 38	 7
418	 195	 1
418	 336	 6
418	 349	 9
418	 443	 9
418	 471	 9
418	 605	 1
418	 753	 9
418	 755	 7
418	 987	 2
419	 28	 9
419	 72	 8
419	 112	 2
419	 123	 8
419	 183	 2
419	 248	 5
419	 338	 5
419	 565	 6
419	 572	 8
419	 610	 1
419	 636	 3
419	 663	 1
419	 706	 7
419	 750	 4
419	 756	 8
419	 867	 7
420	 123	 7
420	 133	 4
420	 315	 1
420	 400	 7
420	 894	 3
420	 991	 6
421	 66	 3
421	 148	 1
421	 250	 1
421	 335	 1
421	 450	 4
421	 525	 4
421	 553	 8
421	 703	 1
421	 749	 8
421	 885	 7
422	 18	 2
422	 232	 2
422	 279	 4
422	 370	 6
422	 395	 8
422	 537	 5
422	 544	 1
422	 571	 4
422	 605	 4
422	 785	 8
422	 845	 6
422	 900	 2
423	 308	 4
423	 459	 2
423	 470	 7
423	 475	 1
423	 500	 9
423	 698	 3
423	 760	 2
423	 855	 1
424	 71	 6
424	 254	 5
424	 428	 3
424	 446	 9
424	 523	 6
424	 567	 4
424	 629	 8
424	 646	 6
424	 743	 2
424	 917	 1
424	 944	 4
425	 45	 9
425	 165	 9
425	 274	 8
425	 326	 3
425	 531	 6
425	 546	 4
425	 665	 4
425	 701	 9
425	 735	 6
425	 967	 3
425	 978	 8
426	 20	 2
426	 209	 5
426	 274	 7
426	 477	 5
426	 501	 1
426	 637	 6
426	 816	 6
426	 829	 9
426	 871	 8
426	 914	 4
426	 969	 1
427	 31	 6
427	 82	 9
427	 150	 3
427	 157	 8
427	 189	 9
427	 304	 9
427	 538	 6
427	 583	 6
427	 620	 1
427	 649	 6
427	 663	 4
427	 727	 6
427	 807	 7
428	 16	 9
428	 268	 2
428	 387	 9
428	 773	 6
428	 782	 5
428	 857	 2
429	 431	 4
429	 580	 9
429	 674	 5
429	 737	 9
429	 791	 8
429	 805	 3
429	 924	 7
429	 971	 4
430	 55	 8
430	 206	 7
430	 291	 3
430	 709	 9
430	 884	 2
430	 941	 5
430	 966	 2
431	 129	 4
431	 159	 2
431	 273	 5
431	 339	 7
431	 340	 5
431	 427	 7
431	 674	 8
431	 703	 6
431	 704	 9
431	 748	 5
432	 47	 3
432	 108	 5
432	 470	 1
432	 709	 6
432	 750	 1
432	 800	 8
432	 912	 4
432	 928	 5
433	 340	 8
433	 606	 6
433	 645	 7
434	 186	 5
434	 211	 7
434	 331	 6
434	 425	 3
434	 477	 1
434	 618	 5
434	 624	 9
434	 681	 5
434	 695	 8
434	 780	 3
435	 26	 3
435	 175	 7
435	 176	 9
435	 205	 8
435	 398	 9
435	 815	 8
435	 839	 8
435	 918	 8
436	 119	 2
436	 126	 9
436	 309	 8
436	 317	 3
436	 335	 7
436	 437	 9
436	 526	 7
436	 726	 2
436	 828	 1
436	 830	 8
436	 974	 8
437	 1	 3
437	 126	 6
437	 135	 9
437	 214	 8
437	 342	 1
437	 478	 6
437	 537	 1
437	 562	 7
437	 587	 5
437	 775	 6
437	 867	 9
438	 56	 3
438	 105	 3
438	 110	 2
438	 178	 8
438	 241	 2
438	 277	 3
438	 330	 4
438	 374	 1
438	 530	 5
438	 728	 5
438	 742	 2
438	 834	 3
438	 845	 7
438	 877	 7
439	 179	 9
439	 262	 3
439	 318	 9
439	 688	 9
439	 689	 5
440	 30	 9
440	 68	 8
440	 92	 5
440	 532	 5
440	 616	 7
440	 643	 6
440	 719	 1
440	 760	 2
440	 780	 7
440	 836	 3
440	 932	 9
440	 946	 5
441	 0	 1
441	 37	 4
441	 129	 4
441	 171	 4
441	 216	 4
441	 217	 5
441	 260	 5
441	 270	 6
441	 395	 7
441	 400	 3
441	 495	 2
441	 502	 7
441	 576	 9
441	 607	 8
441	 644	 5
441	 840	 8
442	 95	 1
442	 205	 2
442	 318	 5
442	 581	 2
442	 591	 9
442	 602	 4
442	 655	 3
442	 762	 6
442	 832	 8
442	 839	 8
442	 857	 7
442	 882	 2
442	 896	 8
443	 112	 7
443	 297	 3
443	 326	 2
443	 331	 2
443	 352	 3
443	 358	 2
443	 433	 9
443	 647	 8
443	 667	 4
443	 812	 1
443	 864	 8
443	 921	 6
444	 61	 9
444	 86	 7
444	 135	 1
444	 138	 1
444	 148	 8
444	 424	 1
444	 467	 4
444	 892	 8
444	 970	 3
445	 1	 4
445	 73	 8
445	 78	 4
445	 112	 2
445	 113	 4
445	 209	 5
445	 220	 8
445	 316	 1
445	 339	 9
445	 448	 7
445	 610	 8
445	 743	 3
445	 829	 8
445	 921	 4
446	 17	 4
446	 89	 1
446	 108	 2
446	 262	 8
446	 269	 4
446	 367	 7
446	 386	 9
446	 389	 1
446	 536	 6
446	 580	 6
446	 585	 6
446	 618	 1
446	 832	 8
446	 993	 4
446	 996	 3
447	 364	 5
447	 409	 3
447	 499	 8
447	 986	 2
448	 191	 9
448	 258	 4
448	 263	 8
448	 359	 1
448	 412	 1
448	 899	 1
448	 924	 5
448	 927	 8
449	 9	 9
449	 62	 1
449	 204	 2
449	 319	 4
449	 379	 2
449	 453	 9
449	 500	 4
449	 792	 1
449	 818	 6
449	 893	 5
449	 975	 8
449	 989	 4
449	 992	 9
450	 96	 1
450	 172	 1
450	 195	 9
450	 411	 5
450	 415	 7
450	 517	 8
450	 903	 3
451	 141	 7
451	 161	 6
451	 276	 8
451	 288	 6
451	 653	 6
451	 755	 6
451	 913	 1
452	 59	 3
452	 258	 9
452	 282	 5
452	 392	 1
452	 828	 5
452	 857	 4
453	 35	 9
453	 216	 5
453	 267	 2
453	 355	 9
453	 438	 7
453	 442	 1
453	 503	 8
453	 570	 2
453	 573	 6
453	 752	 4
453	 770	 2
454	 195	 5
454	 197	 6
454	 272	 6
454	 365	 2
454	 427	 5
454	 600	 3
454	 625	 1
454	 645	 4
454	 739	 6
454	 842	 5
454	 884	 8
454	 984	 4
455	 87	 3
455	 322	 1
455	 359	 9
455	 398	 8
455	 410	 4
455	 447	 9
455	 590	 7
455	 638	 3
455	 742	 8
455	 775	 5
455	 978	 5
456	 188	 6
456	 439	 2
456	 448	 2
456	 694	 1
456	 900	 9
457	 82	 3
457	 186	 5
457	 203	 8
457	 310	 7
457	 539	 4
457	 546	 9
457	 801	 9
457	 894	 4
458	 49	 5
458	 83	 5
458	 136	 2
458	 329	 7
458	 341	 3
458	 535	 6
458	 579	 6
458	 598	 3
458	 714	 7
458	 792	 7
458	 840	 1
459	 77	 3
459	 127	 5
459	 265	 6
459	 313	 5
459	 344	 7
459	 355	 9
459	 424	 8
459	 502	 1
459	 504	 6
459	 831	 6
459	 949	 9
459	 954	 4
459	 967	 9
460	 314	 3
460	 617	 2
460	 690	 1
460	 707	 4
460	 814	 9
461	 45	 9
461	 55	 6
461	 60	 7
461	 79	 1
461	 115	 4
461	 167	 6
461	 461	 5
461	 570	 5
461	 583	 9
461	 589	 4
461	 638	 4
461	 642	 7
461	 726	 5
461	 737	 3
461	 853	 3
462	 39	 9
462	 100	 3
462	 119	 8
462	 435	 8
462	 456	 4
462	 461	 9
462	 800	 9
463	 133	 4
463	 140	 1
463	 239	 6
463	 279	 4
463	 355	 5
463	 526	 4
463	 680	 4
463	 701	 3
463	 711	 7
463	 801	 1
463	 839	 1
464	 33	 7
464	 49	 3
464	 60	 9
464	 106	 3
464	 199	 3
464	 207	 2
464	 285	 1
464	 621	 4
464	 690	 9
464	 699	 2
465	 11	 5
465	 82	 6
465	 98	 3
465	 114	 1
465	 303	 2
465	 603	 4
465	 734	 3
465	 769	 2
465	 823	 4
465	 838	 2
465	 888	 9
465	 923	 8
466	 100	 8
466	 259	 6
466	 270	 6
466	 359	 7
466	 379	 5
466	 413	 1
466	 427	 2
466	 433	 5
466	 539	 2
466	 869	 6
466	 879	 4
466	 897	 4
466	 903	 8
466	 951	 9
466	 976	 7
467	 23	 7
467	 69	 3
467	 93	 5
467	 160	 1
467	 178	 9
467	 622	 5
467	 712	 9
467	 804	 9
467	 881	 2
467	 959	 4
468	 48	 2
468	 91	 5
468	 296	 6
468	 330	 7
468	 445	 5
468	 617	 6
468	 728	 2
468	 744	 8
468	 785	 5
468	 821	 7
468	 879	 9
468	 911	 3
469	 469	 3
469	 488	 5
469	 715	 4
470	 142	 4
470	 200	 1
470	 438	 7
470	 462	 8
470	 727	 8
470	 774	 6
470	 852	 7
471	 15	 3
471	 27	 2
471	 64	 8
471	 109	 6
471	 338	 4
471	 481	 2
471	 570	 8
471	 817	 8
471	 908	 9
472	 215	 5
472	 556	 1
472	 945	 9
472	 992	 1
473	 12	 7
473	 160	 9
473	 222	 4
473	 231	 9
473	 380	 8
473	 533	 3
473	 567	 2
473	 607	 4
473	 684	 4
473	 696	 3
474	 363	 7
474	 412	 4
474	 517	 3
474	 723	 4
474	 748	 2
474	 831	 2
474	 852	 4
474	 859	 7
474	 905	 6
474	 944	 3
475	 297	 3
475	 455	 2
475	 591	 5
475	 699	 4
475	 701	 5
475	 872	 5
475	 971	 1
476	 86	 9
476	 264	 8
476	 534	 6
476	 695	 3
476	 958	 4
477	 261	 6
477	 351	 3
477	 413	 4
477	 417	 2
477	 614	 4
477	 678	 9
477	 722	 1
477	 813	 4
477	 993	 2
478	 113	 6
478	 163	 5
478	 208	 3
478	 474	 4
478	 486	 5
478	 588	 5
478	 618	 9
478	 659	 9
478	 972	 4
479	 64	 1
479	 435	 1
479	 559	 6
479	 578	 9
479	 688	 3
479	 711	 6
479	 790	 9
480	 351	 6
480	 415	 6
480	 467	 8
480	 572	 1
480	 581	 1
480	 636	 8
480	 649	 4
480	 662	 3
480	 710	 1
480	 753	 5
480	 896	 4
480	 921	 4
481	 188	 9
481	 263	 4
481	 511	 2
481	 593	 8
481	 633	 9
481	 698	 5
481	 791	 2
481	 894	 4
482	 110	 1
482	 145	 8
482	 206	 4
482	 508	 1
482	 518	 5
482	 560	 5
482	 663	 1
482	 675	 3
482	 703	 1
482	 868	 3
482	 908	 6
482	 935	 1
482	 936	 8
482	 965	 9
483	 364	 5
483	 384	 9
483	 436	 6
483	 449	 3
483	 564	 8
483	 588	 9
483	 760	 8
483	 788	 3
483	 928	 3
483	 930	 1
483	 975	 2
484	 83	 9
484	 121	 2
484	 327	 8
484	 398	 2
484	 589	 6
484	 645	 8
484	 898	 9
485	 100	 4
485	 371	 5
485	 401	 3
485	 516	 5
485	 595	 1
485	 643	 1
485	 693	 9
485	 797	 8
485	 834	 3
485	 928	 6
486	 178	 7
486	 203	 2
486	 265	 3
486	 382	 3
486	 453	 8
486	 622	 9
486	 729	 5
486	 777	 8
486	 837	 3
486	 841	 9
486	 852	 9
486	 859	 6
487	 236	 3
487	 258	 6
487	 326	 1
487	 618	 4
487	 712	 4
487	 789	 9
488	 304	 5
488	 491	 3
488	 871	 4
488	 888	 1
488	 928	 1
489	 4	 7
489	 732	 1
489	 768	 6
489	 779	 8
489	 984	 7
490	 159	 6
490	 201	 4
490	 272	 3
490	 432	 6
490	 472	 5
490	 475	 8
490	 550	 7
490	 664	 8
490	 670	 8
490	 737	 1
490	 786	 5
490	 848	 5
490	 911	 4
491	 20	 2
491	 65	 5
491	 83	 9
491	 216	 4
491	 225	 7
491	 228	 8
491	 413	 2
491	 508	 5
491	 890	 8
491	 907	 3
492	 129	 9
492	 318	 8
492	 330	 3
492	 365	 3
492	 498	 4
492	 587	 2
492	 649	 4
492	 764	 5
492	 822	 4
492	 922	 2
492	 969	 7
493	 35	 4
493	 142	 2
493	 199	 9
493	 233	 6
493	 243	 4
493	 313	 4
493	 352	 9
493	 438	 3
493	 561	 6
493	 619	 4
493	 969	 9
494	 85	 3
494	 492	 6
494	 606	 7
494	 673	 1
494	 683	 8
495	 8	 6
495	 219	 6
495	 252	 4
495	 514	 3
495	 620	 1
495	 786	 4
495	 894	 6
495	 923	 1
495	 947	 3
495	 971	 8
496	 54	 5
496	 327	 4
496	 362	 3
496	 395	 6
496	 441	 9
496	 515	 8
496	 596	 4
496	 631	 8
496	 693	 8
496	 724	 2
496	 779	 9
496	 827	 3
496	 982	 8
497	 152	 1
497	 228	 1
497	 242	 1
497	 248	 5
497	 372	 7
497	 470	 1
497	 539	 6
497	 554	 3
497	 599	 2
497	 732	 7
497	 815	 5
497	 847	 7
498	 140	 8
498	 145	 6
498	 323	 8
498	 363	 4
498	 539	 4
498	 612	 7
498	 691	 1
498	 797	 8
498	 821	 1
498	 831	 7
498	 949	 6
499	 41	 3
499	 114	 1
499	 120	 3
499	 307	 8
499	 540	 3
499	 720	 1
499	 837	 9
500	 116	 6
500	 176	 3
500	 621	 5
500	 738	 5
500	 839	 2
501	 69	 8
501	 84	 1
501	 192	 9
501	 347	 6
501	 402	 3
501	 445	 3
501	 661	 7
501	 692	 1
501	 942	 3
501	 966	 8
501	 981	 2
502	 202	 8
502	 247	 2
502	 315	 3
502	 447	 2
502	 635	 1
502	 657	 4
502	 671	 8
502	 678	 6
502	 766	 5
502	 794	 3
502	 825	 2
502	 853	 2
502	 869	 3
502	 961	 5
503	 130	 1
503	 141	 1
503	 455	 2
503	 526	 9
503	 667	 5
503	 718	 1
503	 793	 9
503	 875	 9
504	 72	 3
504	 114	 9
504	 197	 1
504	 240	 2
504	 474	 1
504	 589	 5
504	 597	 8
504	 668	 6
504	 848	 7
504	 870	 9
504	 909	 8
505	 13	 8
505	 120	 3
505	 129	 1
505	 188	 2
505	 194	 2
505	 255	 7
505	 280	 2
505	 385	 5
505	 387	 7
505	 645	 9
505	 664	 8
505	 881	 7
506	 353	 7
506	 500	 7
506	 528	 7
506	 545	 8
506	 558	 6
506	 595	 1
506	 610	 8
506	 898	 1
507	 65	 6
507	 72	 7
507	 227	 6
507	 257	 8
507	 303	 3
507	 661	 2
507	 733	 1
507	 835	 5
507	 915	 1
507	 975	 5
508	 74	 6
508	 151	 8
508	 178	 1
508	 331	 5
508	 350	 3
508	 446	 7
508	 499	 3
508	 571	 5
508	 711	 6
509	 472	 6
509	 578	 5
509	 714	 9
509	 725	 5
509	 806	 5
509	 818	 5
510	 29	 5
510	 72	 9
510	 94	 2
510	 141	 4
510	 152	 7
510	 292	 9
510	 326	 9
510	 332	 3
510	 392	 8
510	 461	 2
510	 483	 6
510	 560	 3
510	 702	 1
510	 801	 2
510	 867	 3
510	 911	 9
510	 962	 4
510	 976	 9
511	 16	 9
511	 120	 4
511	 210	 7
511	 446	 6
511	 611	 4
511	 672	 5
511	 675	 7
511	 688	 3
511	 777	 1
511	 830	 2
511	 848	 8
511	 913	 8
511	 931	 3
512	 70	 6
512	 132	 5
512	 181	 3
512	 627	 2
512	 711	 3
512	 747	 4
512	 750	 3
512	 940	 1
512	 989	 3
513	 277	 6
513	 308	 8
513	 663	 2
513	 754	 3
513	 871	 6
513	 872	 3
513	 978	 4
514	 206	 4
514	 207	 4
514	 209	 6
514	 429	 5
514	 448	 8
514	 548	 7
515	 64	 5
515	 87	 5
515	 190	 8
515	 220	 6
515	 222	 7
515	 223	 2
515	 361	 2
515	 491	 9
515	 496	 1
515	 546	 7
515	 576	 7
515	 601	 9
515	 748	 1
515	 787	 2
515	 924	 2
516	 28	 1
516	 67	 2
516	 92	 6
516	 220	 1
516	 454	 9
516	 466	 2
516	 617	 9
516	 631	 5
516	 976	 7
517	 30	 1
517	 31	 8
517	 98	 7
517	 128	 1
517	 395	 4
517	 633	 8
517	 808	 8
517	 890	 9
517	 897	 7
518	 22	 6
518	 50	 3
518	 277	 2
518	 304	 2
518	 397	 9
518	 425	 9
518	 668	 4
518	 711	 8
518	 721	 6
518	 975	 8
519	 140	 8
519	 152	 6
519	 329	 9
519	 423	 7
519	 427	 9
519	 448	 4
519	 549	 9
519	 612	 7
519	 694	 1
519	 811	 7
519	 815	 5
519	 968	 1
520	 385	 3
520	 551	 7
520	 629	 5
520	 632	 9
521	 93	 1
521	 516	 8
521	 519	 4
521	 618	 8
521	 633	 1
521	 748	 6
521	 832	 2
521	 863	 8
521	 879	 4
521	 968	 9
522	 97	 1
522	 342	 3
522	 649	 3
522	 879	 5
522	 893	 9
523	 51	 9
523	 251	 7
523	 260	 8
523	 274	 3
523	 294	 2
523	 621	 7
523	 792	 5
523	 809	 9
523	 821	 1
523	 917	 7
524	 23	 5
524	 45	 3
524	 91	 8
524	 201	 6
524	 271	 8
524	 312	 8
524	 338	 4
524	 381	 5
524	 556	 8
524	 676	 9
524	 838	 5
524	 918	 1
525	 49	 3
525	 72	 3
525	 142	 5
525	 214	 4
525	 238	 2
525	 279	 5
525	 303	 5
525	 335	 9
525	 354	 5
525	 461	 1
525	 729	 7
526	 152	 1
526	 225	 2
526	 430	 6
526	 641	 7
526	 702	 4
526	 803	 1
526	 872	 4
527	 144	 6
527	 272	 5
527	 277	 3
527	 354	 2
527	 495	 8
527	 503	 7
527	 513	 6
527	 709	 5
527	 790	 4
527	 818	 1
527	 946	 1
527	 949	 9
528	 11	 5
528	 72	 9
528	 203	 1
528	 271	 6
528	 353	 6
528	 487	 4
528	 550	 9
528	 570	 7
528	 601	 2
528	 609	 1
528	 648	 6
528	 676	 4
528	 833	 9
528	 836	 9
529	 112	 3
529	 148	 7
529	 168	 4
529	 187	 1
529	 306	 9
529	 326	 9
529	 482	 1
529	 588	 2
529	 660	 8
529	 844	 5
530	 90	 7
530	 145	 7
530	 335	 2
530	 395	 7
530	 691	 8
530	 805	 6
530	 808	 3
530	 966	 4
531	 112	 5
531	 460	 3
531	 657	 3
531	 968	 5
532	 59	 1
532	 107	 3
532	 111	 2
532	 134	 2
532	 226	 7
532	 251	 1
532	 493	 7
532	 521	 5
532	 573	 6
532	 638	 5
532	 663	 4
532	 669	 6
532	 809	 4
532	 818	 5
532	 926	 6
532	 978	 5
533	 69	 4
533	 115	 9
533	 183	 6
533	 192	 4
533	 404	 5
533	 458	 9
533	 517	 4
533	 678	 2
533	 801	 8
533	 859	 1
534	 199	 6
534	 374	 1
534	 390	 2
534	 409	 2
534	 516	 1
534	 553	 8
534	 753	 3
535	 77	 1
535	 139	 1
535	 167	 6
535	 273	 7
535	 341	 4
535	 367	 3
535	 460	 1
535	 717	 9
535	 725	 3
535	 755	 9
536	 144	 4
536	 250	 5
536	 265	 1
536	 267	 6
536	 385	 7
536	 428	 3
536	 465	 5
536	 575	 3
536	 775	 9
536	 823	 8
536	 853	 7
537	 425	 5
537	 582	 3
537	 593	 7
537	 653	 4
537	 684	 9
537	 749	 9
537	 773	 2
537	 866	 3
538	 119	 8
538	 513	 5
538	 588	 7
538	 615	 2
538	 819	 2
538	 839	 7
539	 355	 9
539	 426	 8
539	 484	 9
539	 708	 6
539	 770	 7
539	 817	 4
539	 856	 5
539	 923	 7
540	 164	 5
540	 170	 8
540	 409	 9
540	 415	 9
540	 466	 1
540	 625	 2
540	 638	 9
540	 648	 1
540	 655	 3
540	 786	 2
540	 946	 3
540	 954	 6
541	 38	 2
541	 124	 9
541	 236	 2
541	 391	 2
541	 454	 5
541	 460	 1
541	 466	 8
541	 478	 1
541	 595	 6
541	 634	 1
541	 701	 8
541	 758	 5
541	 834	 6
541	 913	 5
542	 104	 1
542	 126	 3
542	 160	 4
542	 585	 6
542	 667	 5
542	 981	 6
542	 983	 2
543	 22	 6
543	 221	 8
543	 449	 4
543	 467	 5
543	 727	 6
543	 884	 5
544	 43	 7
544	 61	 5
544	 78	 7
544	 118	 5
544	 126	 8
544	 302	 6
544	 387	 1
544	 811	 1
545	 235	 5
545	 829	 5
545	 954	 4
546	 29	 6
546	 118	 4
546	 182	 2
546	 270	 4
546	 534	 4
546	 593	 3
546	 695	 5
546	 720	 7
546	 724	 9
546	 800	 9
546	 834	 2
546	 836	 1
546	 929	 9
546	 998	 5
547	 159	 4
547	 245	 1
547	 336	 9
547	 387	 8
547	 499	 4
547	 612	 4
547	 745	 1
547	 920	 9
547	 953	 8
548	 0	 1
548	 341	 9
548	 551	 2
548	 578	 6
548	 648	 1
548	 813	 1
548	 898	 8
549	 13	 9
549	 43	 6
549	 47	 4
549	 133	 4
549	 180	 3
549	 195	 4
549	 202	 3
549	 356	 7
549	 440	 3
549	 477	 9
549	 611	 8
549	 622	 1
549	 638	 8
549	 642	 8
549	 680	 6
549	 804	 5
549	 906	 3
549	 910	 2
549	 928	 1
549	 930	 6
550	 52	 3
550	 392	 4
550	 454	 4
550	 475	 2
550	 600	 1
550	 634	 8
550	 830	 8
550	 926	 1
551	 20	 7
551	 108	 5
551	 223	 7
551	 446	 6
551	 451	 7
551	 704	 3
551	 784	 3
551	 799	 8
552	 183	 9
552	 299	 8
552	 317	 1
552	 354	 5
552	 367	 3
552	 440	 6
552	 684	 6
552	 766	 6
552	 852	 5
552	 981	 5
553	 49	 4
553	 52	 5
553	 373	 5
553	 395	 3
553	 482	 3
553	 650	 8
553	 796	 1
554	 387	 5
554	 411	 4
554	 453	 5
554	 631	 6
554	 849	 2
554	 879	 9
554	 886	 8
554	 906	 8
554	 922	 3
554	 999	 7
555	 81	 2
555	 155	 2
555	 277	 3
555	 281	 7
555	 331	 5
555	 339	 9
555	 433	 7
555	 609	 3
555	 953	 1
555	 997	 5
556	 0	 4
556	 113	 1
556	 243	 7
556	 334	 3
556	 344	 9
556	 380	 5
556	 427	 5
556	 451	 5
556	 502	 4
556	 573	 6
556	 598	 3
556	 648	 1
556	 661	 3
556	 710	 8
556	 825	 5
556	 953	 4
556	 961	 8
557	 27	 4
557	 66	 8
557	 112	 5
557	 188	 3
557	 241	 5
557	 315	 5
557	 340	 3
557	 473	 1
557	 506	 8
557	 549	 3
557	 658	 1
557	 799	 8
557	 864	 5
557	 982	 7
558	 4	 8
558	 77	 7
558	 139	 1
558	 237	 6
558	 645	 1
558	 753	 5
558	 890	 1
558	 972	 3
559	 26	 2
559	 86	 2
559	 108	 5
559	 193	 1
559	 201	 8
559	 253	 9
559	 326	 1
559	 380	 9
559	 435	 6
559	 568	 8
559	 616	 6
559	 702	 2
559	 713	 8
559	 789	 9
559	 799	 8
559	 890	 8
559	 920	 1
559	 926	 3
560	 75	 7
560	 100	 2
560	 301	 4
560	 306	 3
560	 427	 5
560	 445	 3
560	 482	 8
560	 603	 7
560	 803	 6
560	 853	 3
560	 863	 6
560	 888	 4
560	 912	 5
561	 70	 2
561	 121	 7
561	 534	 4
561	 675	 1
561	 899	 8
561	 909	 5
561	 974	 9
561	 975	 3
562	 284	 7
562	 419	 8
562	 457	 2
562	 475	 5
562	 490	 1
562	 530	 6
562	 563	 2
562	 571	 8
562	 662	 5
562	 764	 3
562	 803	 9
562	 825	 5
562	 831	 3
562	 875	 5
563	 160	 6
563	 798	 6
563	 856	 7
564	 0	 5
564	 178	 8
564	 300	 2
564	 539	 2
564	 577	 1
564	 595	 7
564	 639	 4
564	 807	 8
564	 813	 7
564	 876	 4
565	 11	 7
565	 145	 4
565	 244	 8
565	 294	 3
565	 374	 7
565	 563	 6
565	 569	 9
565	 615	 8
565	 672	 5
565	 686	 9
565	 897	 2
565	 969	 9
566	 230	 9
566	 392	 6
566	 549	 8
566	 666	 5
566	 703	 2
566	 762	 9
566	 855	 8
566	 863	 8
567	 72	 5
567	 104	 7
567	 216	 5
567	 318	 1
567	 389	 4
567	 543	 3
567	 589	 4
567	 671	 9
567	 798	 1
567	 842	 3
567	 942	 2
568	 38	 1
568	 181	 7
568	 214	 8
568	 309	 6
568	 341	 4
568	 426	 2
568	 501	 3
568	 558	 1
568	 655	 8
568	 710	 6
568	 923	 4
569	 85	 7
569	 90	 6
569	 219	 2
569	 256	 7
569	 287	 5
569	 362	 6
569	 466	 8
569	 491	 1
569	 581	 7
569	 589	 7
569	 846	 5
569	 850	 9
569	 974	 5
569	 982	 5
570	 113	 8
570	 194	 6
570	 491	 8
570	 582	 6
570	 583	 9
570	 649	 9
570	 695	 8
570	 735	 5
570	 742	 1
570	 795	 3
570	 820	 6
570	 956	 1
570	 976	 3
570	 987	 6
571	 23	 3
571	 293	 8
571	 453	 5
571	 516	 6
571	 545	 8
571	 700	 6
571	 861	 7
571	 880	 3
571	 883	 1
572	 17	 8
572	 122	 7
572	 249	 3
572	 448	 1
572	 457	 1
572	 470	 3
572	 479	 6
572	 510	 6
572	 528	 7
572	 529	 2
572	 537	 1
572	 575	 8
572	 598	 6
572	 813	 9
572	 890	 4
572	 935	 5
572	 938	 6
572	 999	 9
573	 118	 5
573	 128	 4
573	 131	 3
573	 132	 6
573	 253	 6
573	 433	 9
573	 464	 6
573	 477	 2
573	 478	 4
573	 582	 8
573	 666	 7
573	 874	 7
574	 28	 9
574	 153	 5
574	 189	 3
574	 293	 6
574	 309	 6
574	 325	 7
574	 371	 1
574	 428	 4
574	 573	 7
574	 641	 6
574	 654	 8
574	 736	 2
574	 747	 3
574	 946	 6
574	 991	 7
575	 61	 3
575	 129	 2
575	 245	 7
575	 323	 4
575	 379	 3
575	 454	 4
575	 807	 6
575	 885	 2
576	 220	 4
576	 325	 3
576	 618	 3
576	 848	 6
577	 31	 4
577	 74	 2
577	 263	 8
577	 320	 7
577	 334	 9
577	 359	 4
577	 360	 1
577	 636	 3
577	 693	 5
577	 709	 1
577	 738	 8
577	 777	 7
577	 797	 5
578	 3	 9
578	 64	 4
578	 134	 2
578	 228	 7
578	 349	 5
578	 473	 5
578	 515	 8
578	 534	 2
578	 644	 2
578	 853	 3
578	 854	 6
578	 887	 9
578	 949	 2
579	 15	 8
579	 96	 9
579	 217	 4
579	 225	 6
579	 506	 8
579	 639	 6
579	 909	 1
580	 29	 3
580	 107	 9
580	 317	 7
580	 348	 5
580	 415	 9
580	 465	 2
580	 497	 2
580	 606	 9
580	 776	 4
580	 919	 8
580	 933	 8
580	 936	 9
580	 976	 5
581	 43	 1
581	 46	 9
581	 168	 8
581	 255	 4
581	 261	 6
581	 302	 2
581	 519	 8
581	 528	 9
581	 772	 7
582	 157	 2
582	 221	 8
582	 398	 2
582	 412	 5
582	 514	 8
583	 59	 2
583	 138	 6
583	 153	 8
583	 218	 4
583	 247	 7
583	 269	 5
583	 394	 9
583	 497	 8
583	 670	 9
583	 676	 7
583	 720	 4
583	 983	 5
584	 365	 2
584	 432	 4
584	 559	 5
584	 570	 6
584	 868	 7
584	 986	 3
585	 165	 9
585	 226	 1
585	 305	 3
585	 462	 6
585	 686	 8
585	 717	 7
585	 884	 4
586	 173	 2
586	 229	 4
586	 236	 5
586	 375	 4
586	 416	 6
586	 517	 8
586	 698	 3
586	 710	 3
586	 805	 6
586	 946	 1
587	 62	 7
587	 244	 9
587	 446	 2
587	 494	 4
587	 595	 3
587	 615	 8
587	 627	 3
587	 656	 9
587	 732	 9
587	 890	 4
587	 957	 2
588	 115	 4
588	 348	 5
588	 643	 8
588	 699	 4
588	 903	 1
588	 939	 1
589	 66	 8
589	 74	 9
589	 77	 6
589	 188	 3
589	 198	 1
589	 230	 6
589	 321	 9
589	 389	 4
589	 612	 9
589	 616	 6
589	 619	 6
589	 652	 1
589	 727	 7
589	 766	 6
589	 835	 3
589	 927	 8
589	 969	 4
590	 26	 8
590	 102	 7
590	 193	 1
590	 443	 3
590	 459	 7
590	 534	 3
590	 589	 5
590	 669	 1
590	 681	 4
590	 784	 7
591	 6	 3
591	 9	 2
591	 50	 5
591	 75	 9
591	 123	 6
591	 214	 5
591	 311	 9
591	 406	 2
591	 495	 6
591	 499	 5
591	 526	 1
591	 717	 8
591	 890	 8
591	 930	 3
592	 12	 4
592	 186	 9
592	 288	 4
592	 404	 1
592	 452	 5
592	 502	 6
592	 663	 2
592	 797	 9
592	 975	 7
593	 371	 4
593	 400	 7
593	 405	 5
593	 428	 4
593	 484	 2
593	 588	 8
593	 765	 2
593	 898	 2
593	 914	 3
593	 969	 2
593	 999	 4
594	 24	 7
594	 45	 7
594	 178	 1
594	 228	 1
594	 308	 8
594	 418	 1
594	 426	 3
594	 538	 7
594	 576	 1
594	 702	 7
594	 802	 8
594	 846	 8
594	 934	 5
595	 133	 6
595	 171	 8
595	 644	 5
595	 849	 9
595	 859	 6
595	 920	 1
595	 978	 5
596	 8	 1
596	 283	 8
596	 404	 9
596	 450	 1
596	 504	 9
596	 595	 7
596	 650	 9
596	 934	 3
596	 992	 9
597	 18	 5
597	 42	 6
597	 101	 3
597	 165	 1
597	 233	 7
597	 284	 8
597	 381	 6
597	 508	 2
597	 537	 1
597	 586	 7
597	 644	 1
597	 661	 9
597	 711	 2
597	 767	 6
597	 806	 7
597	 936	 9
598	 19	 9
598	 32	 2
598	 89	 2
598	 141	 2
598	 148	 8
598	 200	 1
598	 610	 9
598	 640	 9
598	 715	 6
598	 772	 8
598	 815	 7
598	 820	 4
598	 841	 5
599	 10	 6
599	 368	 8
599	 528	 3
599	 609	 7
599	 681	 7
599	 719	 1
599	 843	 7
599	 847	 8
600	 17	 6
600	 94	 8
600	 176	 9
600	 214	 4
600	 281	 1
600	 321	 4
600	 380	 7
600	 416	 1
600	 448	 5
600	 475	 7
600	 493	 3
600	 665	 6
600	 672	 4
600	 898	 8
601	 74	 9
601	 147	 5
601	 231	 5
601	 259	 1
601	 319	 7
601	 344	 4
601	 345	 8
601	 617	 3
602	 16	 2
602	 41	 6
602	 71	 3
602	 162	 2
602	 163	 8
602	 176	 6
602	 199	 8
602	 215	 9
602	 380	 3
602	 439	 3
602	 644	 8
602	 703	 5
602	 747	 1
602	 865	 1
602	 949	 2
603	 0	 4
603	 1	 9
603	 273	 8
603	 316	 3
603	 581	 6
603	 697	 8
603	 797	 5
603	 933	 2
603	 958	 2
603	 988	 9
604	 255	 1
604	 324	 9
604	 446	 5
604	 472	 6
604	 685	 2
604	 888	 4
604	 891	 7
604	 983	 5
604	 991	 3
605	 18	 2
605	 190	 7
605	 248	 4
605	 357	 8
605	 393	 2
605	 451	 7
605	 477	 9
605	 580	 7
605	 649	 4
605	 660	 1
605	 661	 5
605	 712	 1
605	 809	 7
605	 818	 2
605	 832	 5
606	 34	 5
606	 213	 3
606	 216	 2
606	 462	 5
606	 656	 8
606	 765	 9
606	 779	 6
606	 789	 6
606	 848	 3
607	 25	 1
607	 121	 5
607	 292	 2
607	 421	 9
607	 456	 3
607	 616	 4
607	 620	 6
607	 656	 9
607	 674	 8
607	 705	 2
607	 940	 3
608	 45	 5
608	 142	 7
608	 168	 5
608	 200	 3
608	 259	 6
608	 603	 3
608	 655	 3
608	 723	 6
608	 787	 8
608	 794	 3
609	 136	 2
609	 143	 1
609	 380	 7
609	 413	 7
609	 599	 5
609	 667	 5
609	 669	 8
609	 726	 7
609	 824	 9
609	 857	 2
609	 903	 4
609	 908	 9
609	 960	 9
610	 290	 6
610	 328	 7
610	 351	 3
610	 531	 6
610	 573	 4
610	 624	 4
610	 691	 9
610	 822	 1
611	 0	 2
611	 60	 4
611	 293	 8
611	 341	 8
611	 401	 2
611	 588	 8
611	 601	 2
611	 649	 9
611	 749	 2
611	 840	 3
611	 849	 9
611	 890	 2
612	 104	 1
612	 155	 2
612	 328	 7
612	 391	 5
612	 517	 9
612	 698	 5
613	 225	 2
613	 411	 1
613	 425	 6
613	 631	 7
613	 726	 2
613	 932	 7
614	 46	 8
614	 53	 1
614	 106	 7
614	 121	 2
614	 230	 7
614	 276	 5
614	 315	 7
614	 557	 2
614	 561	 5
614	 677	 9
614	 682	 6
614	 896	 9
614	 933	 1
614	 978	 7
615	 58	 2
615	 103	 6
615	 157	 4
615	 371	 8
615	 540	 5
615	 947	 7
616	 0	 6
616	 131	 3
616	 159	 7
616	 308	 4
616	 347	 4
616	 399	 3
616	 450	 9
616	 482	 5
616	 511	 5
616	 897	 7
616	 964	 1
617	 324	 1
617	 362	 1
617	 364	 7
617	 418	 2
617	 471	 7
617	 500	 7
617	 565	 4
617	 606	 9
617	 710	 3
617	 924	 5
617	 927	 7
617	 987	 8
618	 423	 1
618	 450	 1
618	 463	 2
618	 549	 9
618	 579	 3
618	 624	 6
618	 659	 3
618	 732	 2
618	 762	 3
618	 790	 1
618	 815	 5
618	 856	 4
619	 4	 5
619	 160	 2
619	 188	 8
619	 250	 2
619	 285	 3
619	 302	 9
619	 335	 7
619	 472	 7
619	 650	 8
619	 862	 9
619	 898	 6
619	 900	 3
619	 952	 1
620	 136	 3
620	 275	 7
620	 361	 9
620	 377	 6
620	 427	 1
620	 520	 2
620	 767	 6
620	 827	 9
620	 896	 6
621	 7	 1
621	 176	 5
621	 426	 7
621	 481	 7
621	 542	 1
621	 711	 3
621	 780	 6
621	 797	 3
621	 845	 8
621	 994	 8
622	 89	 7
622	 426	 8
622	 615	 8
622	 676	 9
622	 716	 6
622	 769	 8
622	 775	 6
623	 47	 8
623	 227	 9
623	 336	 9
623	 451	 7
623	 452	 3
623	 484	 4
623	 515	 8
623	 567	 9
623	 655	 7
623	 670	 2
623	 692	 1
623	 717	 9
623	 731	 4
623	 766	 1
623	 842	 2
623	 918	 4
623	 997	 5
624	 35	 4
624	 96	 2
624	 132	 7
624	 299	 2
624	 405	 4
624	 534	 7
624	 542	 3
624	 611	 6
624	 689	 5
624	 799	 4
624	 824	 9
624	 874	 4
624	 938	 5
625	 61	 2
625	 125	 9
625	 173	 8
625	 183	 1
625	 277	 3
625	 291	 9
625	 461	 3
625	 944	 6
626	 38	 6
626	 103	 1
626	 190	 6
626	 474	 5
626	 485	 9
626	 603	 8
626	 665	 5
626	 708	 2
626	 773	 2
626	 981	 7
627	 50	 5
627	 81	 2
627	 108	 6
627	 112	 6
627	 135	 4
627	 278	 9
627	 316	 3
627	 439	 9
627	 603	 3
627	 980	 8
628	 95	 5
628	 363	 9
628	 404	 4
628	 420	 1
628	 518	 3
628	 689	 4
628	 707	 4
628	 873	 2
629	 197	 1
629	 341	 1
629	 709	 5
629	 715	 6
629	 732	 6
629	 774	 4
629	 851	 1
630	 150	 4
630	 203	 1
630	 308	 6
630	 453	 4
630	 484	 2
630	 525	 3
630	 644	 5
630	 714	 8
630	 948	 5
631	 146	 5
631	 182	 7
631	 242	 2
631	 386	 9
631	 429	 5
631	 442	 6
631	 823	 8
631	 893	 3
631	 905	 3
632	 23	 3
632	 47	 8
632	 76	 2
632	 274	 9
632	 404	 7
632	 618	 4
632	 635	 8
632	 636	 9
633	 133	 4
633	 330	 1
633	 411	 4
633	 445	 2
633	 649	 6
633	 758	 1
633	 870	 6
633	 904	 3
633	 947	 1
634	 101	 4
634	 185	 3
634	 239	 7
634	 308	 8
634	 627	 7
634	 916	 6
635	 14	 7
635	 185	 2
635	 201	 7
635	 278	 3
635	 756	 4
635	 924	 7
636	 267	 8
636	 396	 1
636	 465	 9
636	 482	 3
636	 678	 5
636	 745	 4
636	 787	 1
636	 946	 7
637	 117	 7
637	 266	 6
637	 474	 2
637	 586	 4
637	 591	 7
637	 807	 2
637	 922	 5
637	 948	 9
638	 20	 2
638	 130	 2
638	 154	 3
638	 179	 7
638	 398	 1
638	 456	 1
638	 680	 3
638	 884	 9
638	 936	 1
639	 141	 5
639	 147	 1
639	 212	 2
639	 229	 8
639	 339	 8
639	 482	 1
639	 550	 9
639	 604	 2
639	 616	 3
639	 855	 7
639	 935	 9
640	 343	 3
640	 584	 3
640	 757	 8
640	 778	 4
640	 883	 4
640	 916	 9
641	 213	 6
641	 219	 1
641	 226	 8
641	 444	 2
641	 468	 6
641	 473	 3
641	 494	 5
641	 595	 3
641	 806	 1
642	 155	 5
642	 221	 7
642	 328	 8
642	 359	 5
642	 554	 3
642	 799	 3
642	 923	 2
642	 925	 2
642	 952	 7
643	 234	 4
643	 335	 5
643	 371	 1
643	 419	 4
643	 462	 5
643	 541	 1
643	 613	 4
643	 617	 3
644	 29	 7
644	 32	 9
644	 226	 2
644	 232	 4
644	 324	 2
644	 325	 9
644	 447	 6
644	 906	 2
644	 970	 2
645	 23	 1
645	 40	 1
645	 210	 9
645	 250	 1
645	 454	 5
645	 557	 9
645	 640	 3
645	 662	 3
645	 731	 9
645	 795	 8
645	 882	 9
645	 984	 2
646	 139	 3
646	 221	 9
646	 233	 6
646	 480	 8
646	 540	 9
646	 629	 2
646	 766	 1
646	 771	 3
646	 896	 1
646	 953	 1
647	 143	 1
647	 145	 7
647	 181	 6
647	 705	 4
647	 742	 9
647	 759	 6
647	 916	 4
647	 979	 5
647	 987	 7
648	 0	 6
648	 190	 5
648	 328	 8
648	 339	 5
648	 603	 6
648	 649	 4
648	 784	 3
648	 788	 8
648	 806	 9
648	 811	 3
648	 820	 7
649	 38	 4
649	 278	 7
649	 470	 2
649	 471	 1
649	 561	 8
649	 613	 2
649	 700	 1
649	 960	 2
650	 60	 2
650	 120	 7
650	 188	 1
650	 220	 9
650	 226	 2
650	 545	 9
650	 621	 4
650	 671	 5
650	 795	 2
650	 810	 9
650	 852	 5
650	 897	 3
650	 942	 2
651	 98	 6
651	 148	 2
651	 184	 8
651	 432	 7
651	 439	 4
651	 464	 1
651	 467	 5
651	 565	 9
651	 655	 1
651	 701	 3
651	 713	 7
651	 813	 8
651	 840	 4
651	 846	 9
651	 858	 9
652	 75	 1
652	 116	 2
652	 130	 5
652	 167	 1
652	 181	 9
652	 267	 4
652	 271	 7
652	 407	 4
652	 417	 6
652	 473	 8
652	 739	 2
652	 845	 6
652	 897	 3
652	 908	 1
653	 135	 4
653	 202	 1
653	 430	 4
653	 433	 1
653	 448	 8
653	 498	 4
653	 548	 2
653	 554	 9
653	 712	 5
654	 35	 8
654	 40	 9
654	 271	 1
654	 361	 5
654	 555	 5
654	 570	 9
654	 821	 7
654	 943	 9
655	 109	 7
655	 291	 6
655	 334	 1
655	 342	 6
655	 420	 2
655	 434	 7
655	 449	 3
655	 470	 1
655	 765	 8
655	 785	 5
655	 892	 2
655	 897	 6
655	 911	 7
656	 88	 8
656	 111	 1
656	 126	 4
656	 155	 7
656	 264	 9
656	 326	 2
656	 344	 8
656	 440	 1
656	 518	 3
656	 604	 7
656	 612	 5
656	 631	 2
656	 743	 5
656	 772	 6
656	 877	 3
656	 934	 4
656	 968	 3
657	 8	 3
657	 15	 2
657	 34	 6
657	 155	 3
657	 158	 5
657	 270	 6
657	 276	 5
657	 333	 5
657	 440	 4
657	 467	 2
657	 634	 1
657	 750	 2
657	 767	 4
657	 854	 3
657	 938	 9
657	 977	 1
658	 63	 6
658	 181	 6
658	 221	 7
658	 331	 4
658	 487	 1
658	 541	 8
658	 656	 4
658	 897	 7
658	 938	 4
659	 123	 9
659	 234	 6
659	 549	 6
659	 600	 9
659	 763	 7
659	 906	 5
660	 80	 6
660	 103	 2
660	 169	 7
660	 324	 3
660	 404	 5
660	 575	 1
660	 637	 8
660	 715	 6
660	 767	 1
661	 35	 4
661	 130	 1
661	 308	 9
661	 374	 8
661	 410	 3
661	 431	 3
661	 483	 7
661	 511	 4
661	 644	 6
661	 665	 1
661	 804	 5
661	 805	 9
661	 872	 1
661	 878	 2
661	 946	 8
662	 20	 7
662	 132	 6
662	 267	 7
662	 445	 8
662	 466	 4
662	 479	 7
662	 622	 4
662	 634	 2
662	 707	 1
662	 724	 2
662	 756	 1
663	 55	 8
663	 187	 4
663	 359	 5
663	 427	 3
663	 530	 8
663	 535	 3
663	 712	 9
663	 822	 8
663	 984	 9
664	 255	 7
664	 276	 7
664	 467	 9
664	 578	 5
664	 669	 3
664	 683	 5
664	 693	 3
664	 880	 3
664	 975	 5
664	 999	 1
665	 303	 1
665	 441	 9
665	 522	 6
665	 547	 2
665	 564	 8
665	 652	 8
665	 838	 6
665	 913	 1
666	 78	 5
666	 82	 3
666	 164	 1
666	 185	 8
666	 247	 7
666	 261	 7
666	 547	 1
666	 628	 9
666	 756	 7
667	 7	 3
667	 239	 3
667	 372	 3
667	 400	 2
667	 414	 1
667	 454	 9
667	 588	 5
668	 34	 3
668	 84	 3
668	 115	 8
668	 288	 5
668	 351	 3
668	 463	 2
668	 494	 9
668	 664	 9
668	 750	 5
668	 769	 9
668	 820	 9
668	 874	 5
668	 953	 2
669	 14	 2
669	 75	 9
669	 362	 2
669	 436	 1
669	 632	 8
669	 657	 4
669	 739	 5
669	 822	 6
669	 932	 2
670	 123	 1
670	 193	 3
670	 201	 5
670	 286	 4
670	 715	 8
670	 727	 4
670	 743	 4
670	 782	 7
670	 796	 5
670	 797	 2
671	 114	 2
671	 172	 1
671	 243	 6
671	 362	 3
671	 407	 2
671	 462	 5
671	 489	 9
671	 550	 8
671	 557	 4
671	 824	 1
671	 860	 9
671	 905	 5
671	 945	 6
671	 954	 8
672	 70	 6
672	 375	 3
672	 390	 2
672	 630	 5
672	 863	 7
672	 945	 3
673	 436	 8
673	 437	 7
673	 550	 2
673	 603	 5
673	 698	 6
673	 700	 1
673	 709	 5
673	 754	 1
673	 865	 7
674	 56	 8
674	 59	 2
674	 164	 8
674	 310	 1
674	 379	 2
674	 418	 7
674	 554	 5
674	 577	 2
674	 684	 5
674	 691	 9
674	 701	 3
674	 843	 2
675	 5	 7
675	 57	 5
675	 81	 4
675	 284	 7
675	 393	 4
675	 407	 5
675	 411	 4
675	 567	 1
675	 762	 2
675	 898	 4
675	 976	 5
676	 224	 2
676	 367	 2
676	 371	 1
676	 454	 9
676	 480	 5
676	 534	 8
676	 588	 3
676	 704	 2
677	 26	 4
677	 61	 9
677	 127	 9
677	 386	 5
677	 395	 2
677	 541	 6
677	 581	 6
677	 595	 8
677	 610	 4
677	 923	 5
678	 128	 5
678	 246	 3
678	 434	 5
678	 548	 8
678	 716	 4
678	 944	 6
679	 8	 4
679	 42	 7
679	 46	 1
679	 239	 7
679	 261	 7
679	 505	 9
679	 537	 5
679	 822	 5
679	 961	 7
679	 978	 2
680	 271	 6
680	 422	 7
680	 476	 2
680	 824	 6
680	 946	 3
680	 954	 3
681	 128	 4
681	 156	 7
681	 174	 2
681	 517	 4
681	 785	 9
682	 58	 6
682	 76	 2
682	 420	 6
682	 532	 1
682	 971	 7
683	 142	 7
683	 255	 4
683	 308	 1
683	 387	 4
683	 477	 5
683	 574	 2
683	 607	 8
683	 652	 9
683	 663	 9
683	 729	 9
683	 927	 7
683	 935	 1
684	 78	 5
684	 81	 4
684	 115	 4
684	 178	 7
684	 182	 6
684	 308	 4
684	 334	 1
684	 335	 6
684	 400	 4
684	 540	 5
684	 560	 8
684	 731	 6
684	 785	 9
684	 848	 4
684	 946	 5
684	 963	 3
685	 109	 6
685	 151	 3
685	 241	 7
685	 386	 6
685	 500	 1
685	 695	 6
685	 791	 2
686	 208	 6
686	 289	 7
686	 493	 7
686	 586	 3
686	 619	 1
686	 750	 6
686	 858	 4
686	 877	 7
687	 20	 7
687	 182	 1
687	 201	 3
687	 231	 8
687	 329	 5
687	 349	 5
687	 395	 7
687	 416	 5
687	 436	 4
687	 618	 3
687	 787	 5
687	 839	 9
687	 887	 4
687	 901	 4
687	 972	 9
688	 2	 5
688	 10	 2
688	 281	 6
688	 341	 5
688	 456	 5
688	 460	 1
688	 641	 7
688	 652	 5
688	 789	 5
689	 23	 9
689	 62	 8
689	 252	 6
689	 305	 7
689	 328	 3
689	 640	 5
689	 700	 5
689	 812	 4
689	 849	 7
689	 936	 9
689	 993	 2
690	 88	 1
690	 111	 8
690	 124	 5
690	 140	 9
690	 223	 4
690	 236	 9
690	 355	 4
690	 527	 7
690	 574	 9
690	 575	 4
690	 583	 1
690	 591	 4
691	 98	 7
691	 180	 2
691	 252	 2
691	 407	 8
691	 408	 6
691	 462	 8
691	 674	 1
691	 681	 8
691	 718	 5
691	 783	 9
691	 943	 8
691	 982	 9
692	 90	 4
692	 234	 8
692	 241	 9
692	 254	 9
692	 292	 2
692	 386	 2
692	 408	 7
692	 673	 1
692	 737	 4
692	 915	 3
692	 934	 1
692	 941	 4
692	 983	 8
693	 256	 2
693	 374	 2
693	 390	 6
693	 481	 8
693	 532	 9
693	 641	 7
693	 695	 5
693	 721	 1
693	 851	 4
693	 864	 3
693	 934	 9
694	 1	 9
694	 238	 8
694	 250	 1
694	 384	 1
694	 539	 2
694	 639	 2
694	 761	 5
694	 864	 9
694	 874	 1
695	 265	 5
695	 514	 3
695	 632	 5
695	 712	 1
695	 772	 1
695	 830	 7
695	 887	 3
696	 104	 3
696	 284	 2
696	 508	 6
696	 569	 4
696	 625	 4
696	 686	 2
696	 731	 6
696	 797	 8
696	 825	 4
696	 833	 1
697	 249	 7
697	 286	 1
697	 315	 6
697	 473	 6
697	 689	 6
697	 831	 6
697	 908	 5
697	 928	 7
697	 993	 3
698	 18	 4
698	 38	 5
698	 89	 5
698	 220	 5
698	 244	 3
698	 301	 3
698	 311	 2
698	 805	 8
698	 834	 1
698	 980	 1
699	 6	 8
699	 81	 1
699	 163	 5
699	 168	 2
699	 198	 9
699	 371	 3
699	 385	 7
699	 511	 6
699	 565	 4
699	 622	 9
699	 824	 8
699	 863	 8
699	 873	 4
699	 992	 1
700	 20	 7
700	 35	 6
700	 42	 7
700	 43	 7
700	 111	 6
700	 189	 5
700	 271	 6
700	 359	 5
700	 486	 5
700	 502	 4
700	 511	 7
700	 519	 4
700	 536	 5
700	 555	 3
700	 642	 3
700	 662	 6
701	 72	 4
701	 137	 7
701	 295	 8
701	 569	 9
701	 582	 5
701	 590	 1
701	 759	 2
701	 901	 3
702	 103	 4
702	 174	 5
702	 302	 5
702	 447	 7
702	 501	 7
702	 573	 6
702	 768	 5
702	 875	 5
702	 916	 8
703	 18	 4
703	 23	 2
703	 260	 7
703	 336	 7
703	 396	 7
703	 686	 9
703	 760	 4
703	 778	 1
703	 883	 8
703	 922	 7
703	 965	 3
704	 96	 6
704	 103	 4
704	 302	 3
704	 464	 2
704	 476	 7
704	 562	 7
704	 847	 8
704	 866	 9
705	 122	 7
705	 361	 6
705	 460	 5
705	 595	 2
705	 763	 8
705	 877	 1
705	 943	 5
705	 974	 5
706	 241	 1
706	 269	 9
706	 292	 4
706	 366	 8
706	 465	 3
706	 545	 1
706	 601	 8
706	 669	 9
706	 816	 2
706	 994	 2
707	 26	 3
707	 57	 6
707	 67	 8
707	 276	 8
707	 545	 3
707	 620	 3
707	 675	 3
707	 742	 9
707	 910	 8
707	 958	 1
708	 255	 4
708	 470	 6
708	 475	 7
708	 550	 2
708	 669	 5
708	 888	 5
708	 898	 2
708	 919	 4
708	 964	 5
708	 979	 3
709	 518	 5
709	 570	 6
709	 589	 3
709	 759	 7
710	 0	 7
710	 9	 9
710	 127	 5
710	 131	 8
710	 355	 5
710	 487	 8
710	 542	 2
710	 550	 9
710	 669	 2
710	 700	 9
710	 813	 8
710	 918	 9
711	 41	 3
711	 307	 8
711	 484	 1
711	 731	 6
711	 763	 2
711	 979	 4
712	 22	 9
712	 155	 4
712	 366	 1
712	 367	 4
712	 588	 5
713	 92	 5
713	 97	 7
713	 141	 9
713	 360	 9
713	 467	 6
713	 499	 8
713	 935	 1
713	 938	 8
714	 73	 7
714	 129	 2
714	 232	 9
714	 397	 1
714	 409	 8
714	 535	 3
714	 607	 9
714	 772	 7
714	 833	 8
714	 901	 6
715	 263	 9
715	 430	 3
715	 547	 4
715	 560	 3
715	 693	 3
716	 16	 1
716	 117	 4
716	 252	 3
716	 336	 2
716	 538	 2
716	 569	 6
716	 895	 3
716	 897	 5
716	 984	 6
717	 144	 1
717	 309	 1
717	 385	 1
717	 412	 2
717	 545	 8
717	 653	 9
717	 734	 9
717	 798	 4
717	 901	 7
717	 974	 2
718	 50	 1
718	 146	 1
718	 282	 7
718	 600	 9
718	 664	 2
718	 780	 5
718	 822	 1
719	 414	 8
719	 416	 1
719	 552	 5
719	 554	 6
719	 956	 3
719	 961	 9
719	 995	 5
720	 71	 5
720	 72	 2
720	 182	 5
720	 344	 3
720	 367	 3
720	 683	 1
721	 150	 9
721	 195	 4
721	 297	 2
721	 443	 2
721	 650	 1
721	 750	 9
721	 912	 1
722	 19	 1
722	 24	 4
722	 47	 4
722	 213	 5
722	 249	 8
722	 317	 2
722	 324	 7
722	 411	 1
722	 425	 2
722	 518	 9
722	 542	 4
722	 620	 4
722	 809	 4
722	 816	 3
723	 100	 6
723	 270	 4
723	 281	 6
723	 290	 9
723	 460	 7
723	 501	 6
724	 50	 5
724	 232	 2
724	 292	 6
724	 409	 5
724	 532	 2
724	 572	 2
724	 605	 2
724	 727	 5
724	 815	 4
724	 852	 8
725	 31	 1
725	 58	 8
725	 108	 4
725	 161	 9
725	 203	 5
725	 217	 9
725	 305	 8
725	 324	 2
725	 503	 8
725	 504	 4
725	 662	 7
725	 731	 2
725	 794	 4
725	 826	 1
725	 871	 6
726	 78	 8
726	 127	 2
726	 160	 3
726	 171	 6
726	 236	 5
726	 419	 5
726	 443	 6
726	 476	 5
726	 588	 7
726	 688	 6
726	 803	 6
726	 830	 4
727	 73	 1
727	 91	 6
727	 228	 8
727	 255	 9
727	 284	 3
727	 314	 5
727	 579	 3
727	 688	 7
727	 740	 6
727	 804	 7
727	 909	 8
728	 13	 9
728	 276	 9
728	 357	 8
728	 903	 1
729	 114	 9
729	 205	 3
729	 277	 6
729	 478	 6
729	 513	 2
729	 555	 5
729	 748	 8
729	 784	 4
729	 812	 3
729	 859	 5
729	 967	 5
730	 81	 4
730	 108	 9
730	 121	 1
730	 167	 3
730	 256	 3
730	 341	 5
730	 388	 4
730	 463	 5
730	 567	 7
730	 568	 2
730	 730	 5
731	 115	 6
731	 144	 2
731	 157	 9
731	 184	 7
731	 279	 7
731	 335	 4
731	 480	 1
731	 502	 4
731	 520	 5
731	 859	 7
731	 868	 9
731	 911	 1
731	 953	 8
732	 15	 1
732	 16	 9
732	 108	 6
732	 215	 4
732	 441	 3
732	 580	 6
732	 587	 2
732	 633	 6
732	 698	 5
732	 782	 3
732	 851	 1
732	 904	 2
733	 103	 9
733	 302	 9
733	 365	 4
733	 477	 6
733	 707	 5
733	 715	 7
733	 762	 4
733	 874	 7
733	 926	 5
733	 969	 7
734	 19	 7
734	 88	 2
734	 92	 8
734	 101	 9
734	 212	 9
734	 252	 9
734	 378	 5
734	 420	 5
734	 570	 2
734	 697	 4
734	 701	 8
734	 822	 9
734	 868	 5
734	 899	 1
734	 922	 5
734	 990	 4
735	 24	 9
735	 389	 2
735	 496	 4
735	 500	 3
735	 538	 3
735	 690	 8
735	 731	 7
735	 839	 9
736	 65	 7
736	 331	 1
736	 721	 6
737	 14	 4
737	 56	 1
737	 76	 8
737	 331	 1
737	 363	 3
737	 508	 1
737	 650	 7
737	 678	 7
737	 757	 6
737	 758	 7
737	 781	 8
737	 863	 1
737	 916	 6
738	 43	 3
738	 92	 3
738	 126	 1
738	 185	 9
738	 350	 1
738	 431	 8
738	 536	 4
738	 863	 4
739	 69	 8
739	 113	 5
739	 264	 2
739	 298	 7
739	 349	 3
739	 521	 8
739	 596	 7
739	 756	 3
739	 817	 7
739	 850	 8
739	 852	 4
739	 958	 9
739	 959	 5
740	 85	 7
740	 194	 6
740	 239	 1
740	 275	 5
740	 644	 3
740	 780	 1
740	 851	 1
740	 861	 5
740	 901	 4
740	 945	 3
741	 66	 9
741	 136	 1
741	 443	 4
741	 667	 1
741	 679	 4
741	 763	 8
741	 901	 9
741	 924	 6
741	 986	 4
742	 27	 3
742	 42	 2
742	 110	 7
742	 125	 1
742	 240	 3
742	 300	 7
742	 308	 9
742	 487	 4
742	 645	 6
742	 668	 2
742	 689	 1
742	 726	 4
742	 837	 6
742	 990	 1
743	 212	 6
743	 240	 1
743	 260	 3
743	 303	 3
743	 427	 3
743	 600	 9
743	 612	 9
743	 770	 5
744	 198	 5
744	 258	 1
744	 442	 3
744	 645	 2
744	 720	 8
744	 732	 4
744	 883	 2
744	 972	 1
745	 88	 8
745	 294	 9
745	 385	 4
745	 456	 4
745	 473	 1
745	 512	 2
745	 710	 6
745	 840	 1
745	 891	 7
745	 898	 5
746	 140	 1
746	 647	 5
746	 768	 8
746	 836	 6
747	 131	 2
747	 238	 4
747	 281	 5
747	 421	 2
747	 463	 7
747	 473	 8
747	 484	 4
747	 594	 4
747	 684	 6
747	 696	 6
747	 718	 4
747	 785	 9
747	 825	 7
747	 856	 3
747	 894	 4
748	 33	 1
748	 116	 2
748	 137	 7
748	 161	 4
748	 310	 2
748	 337	 5
748	 604	 6
748	 815	 1
748	 817	 1
748	 820	 2
748	 936	 9
749	 19	 9
749	 172	 6
749	 198	 4
749	 413	 9
749	 526	 5
749	 530	 4
749	 567	 3
749	 741	 7
749	 743	 8
749	 871	 3
749	 957	 7
750	 222	 9
750	 248	 6
750	 361	 8
750	 475	 4
751	 142	 9
751	 309	 5
751	 437	 7
751	 477	 2
751	 970	 1
752	 275	 7
752	 421	 3
752	 505	 8
752	 519	 1
752	 539	 9
752	 573	 8
752	 780	 9
752	 832	 7
752	 922	 8
753	 34	 4
753	 35	 2
753	 59	 7
753	 151	 6
753	 192	 7
753	 236	 2
753	 252	 9
753	 298	 2
753	 362	 2
753	 578	 9
753	 601	 5
753	 853	 8
754	 130	 5
754	 137	 6
754	 251	 1
754	 478	 3
754	 723	 5
754	 734	 3
754	 826	 9
754	 931	 5
754	 968	 5
755	 180	 9
755	 351	 8
755	 869	 6
756	 7	 9
756	 21	 2
756	 112	 2
756	 464	 3
756	 468	 5
756	 469	 7
756	 476	 8
756	 583	 9
756	 777	 1
756	 795	 5
756	 871	 8
756	 944	 2
757	 135	 5
757	 233	 9
757	 362	 6
757	 381	 5
757	 394	 5
757	 401	 3
757	 405	 7
757	 522	 3
757	 579	 9
757	 621	 1
757	 627	 9
757	 628	 1
757	 721	 5
757	 737	 9
758	 4	 5
758	 160	 4
758	 247	 8
758	 472	 5
758	 495	 6
758	 623	 8
758	 746	 3
758	 780	 5
758	 805	 2
758	 848	 9
758	 854	 1
758	 924	 7
759	 202	 9
759	 294	 3
759	 300	 5
759	 942	 4
760	 146	 7
760	 174	 7
760	 220	 8
760	 427	 1
760	 527	 3
760	 590	 3
760	 610	 5
760	 773	 5
760	 937	 5
760	 989	 3
761	 98	 8
761	 192	 1
761	 223	 4
761	 226	 8
761	 496	 5
761	 650	 2
761	 674	 1
761	 786	 2
761	 809	 1
761	 833	 7
761	 849	 8
761	 873	 9
762	 167	 4
762	 302	 9
762	 313	 8
762	 397	 4
762	 430	 4
762	 514	 9
762	 593	 9
762	 761	 8
762	 898	 7
762	 934	 6
763	 35	 8
763	 37	 7
763	 69	 8
763	 113	 8
763	 143	 8
763	 182	 6
763	 428	 9
763	 593	 5
763	 595	 1
763	 599	 5
763	 837	 4
764	 39	 6
764	 196	 3
764	 221	 3
764	 345	 7
764	 367	 8
764	 657	 4
764	 668	 2
764	 710	 4
764	 919	 8
765	 94	 2
765	 161	 4
765	 277	 8
765	 383	 7
765	 452	 6
765	 516	 1
765	 535	 7
765	 641	 7
765	 724	 8
765	 958	 3
765	 988	 1
766	 91	 2
766	 293	 4
766	 327	 1
766	 453	 6
766	 583	 4
766	 924	 4
766	 949	 6
766	 995	 7
767	 222	 3
767	 234	 1
767	 306	 2
767	 359	 6
767	 406	 8
767	 520	 2
767	 559	 2
767	 627	 1
767	 691	 5
767	 890	 3
768	 155	 4
768	 646	 4
768	 735	 1
768	 779	 1
768	 813	 3
769	 195	 7
769	 313	 9
769	 416	 1
769	 656	 8
769	 663	 1
769	 698	 3
769	 715	 9
769	 760	 7
769	 854	 9
769	 954	 7
769	 978	 7
769	 981	 7
769	 985	 9
770	 141	 5
770	 161	 1
770	 254	 9
770	 424	 5
770	 528	 8
770	 738	 4
770	 810	 5
770	 882	 6
770	 896	 5
770	 923	 1
771	 38	 3
771	 187	 8
771	 242	 5
771	 405	 8
771	 515	 5
771	 619	 5
771	 703	 4
771	 821	 1
771	 912	 3
771	 937	 7
772	 12	 2
772	 220	 4
772	 346	 9
772	 489	 4
772	 505	 3
772	 790	 9
773	 22	 9
773	 38	 3
773	 210	 3
773	 294	 3
773	 391	 3
773	 516	 1
773	 658	 3
773	 782	 3
773	 876	 2
774	 39	 4
774	 48	 8
774	 96	 8
774	 364	 7
774	 477	 6
774	 722	 7
774	 906	 7
775	 224	 6
775	 229	 6
775	 262	 2
775	 590	 3
775	 624	 8
775	 672	 9
775	 690	 7
775	 732	 4
775	 922	 8
775	 927	 9
775	 954	 5
776	 21	 3
776	 111	 7
776	 133	 6
776	 270	 7
776	 316	 5
776	 333	 5
776	 345	 1
776	 360	 4
776	 446	 8
776	 632	 4
777	 15	 9
777	 97	 5
777	 98	 3
777	 201	 7
777	 518	 9
777	 651	 2
777	 750	 8
777	 773	 6
777	 843	 8
778	 267	 7
778	 442	 3
778	 479	 2
778	 503	 2
778	 610	 6
778	 668	 9
778	 798	 8
778	 852	 7
779	 127	 3
779	 181	 3
779	 203	 8
779	 206	 5
779	 209	 4
779	 449	 8
779	 570	 6
779	 815	 5
779	 836	 6
779	 838	 7
780	 164	 2
780	 208	 6
780	 339	 7
780	 427	 9
780	 584	 1
780	 608	 5
780	 715	 7
780	 797	 3
781	 103	 1
781	 286	 5
781	 291	 6
781	 333	 1
781	 544	 7
781	 670	 8
781	 678	 2
781	 698	 7
782	 9	 2
782	 46	 7
782	 52	 3
782	 95	 1
782	 109	 8
782	 272	 9
782	 306	 9
782	 620	 9
782	 676	 3
782	 966	 4
782	 996	 5
783	 58	 9
783	 155	 3
783	 199	 3
783	 305	 6
783	 459	 8
783	 498	 2
783	 505	 8
783	 561	 1
783	 592	 3
783	 686	 2
783	 693	 8
783	 712	 4
783	 724	 8
783	 804	 7
783	 847	 8
784	 167	 1
784	 185	 1
784	 335	 5
784	 451	 7
784	 496	 3
784	 507	 1
784	 511	 7
784	 730	 9
784	 736	 4
784	 744	 8
784	 758	 2
784	 976	 2
785	 174	 5
785	 226	 7
785	 281	 5
785	 383	 3
785	 651	 2
785	 789	 7
786	 128	 7
786	 321	 5
786	 323	 2
786	 419	 9
786	 426	 7
786	 458	 8
786	 470	 8
786	 543	 2
786	 603	 7
786	 668	 5
786	 794	 9
786	 909	 4
787	 157	 8
787	 289	 1
787	 521	 4
787	 527	 9
787	 617	 5
787	 747	 1
787	 983	 7
788	 103	 3
788	 276	 3
788	 292	 9
788	 760	 1
788	 818	 8
788	 847	 1
789	 110	 3
789	 344	 9
789	 552	 5
789	 654	 4
789	 932	 7
789	 938	 1
789	 967	 7
790	 29	 2
790	 216	 9
790	 272	 2
790	 309	 1
790	 333	 6
790	 396	 1
790	 590	 2
790	 600	 4
790	 614	 9
790	 642	 4
790	 717	 9
790	 735	 8
791	 10	 1
791	 78	 3
791	 431	 2
791	 737	 5
791	 771	 1
791	 851	 6
791	 921	 9
791	 943	 7
792	 49	 9
792	 95	 3
792	 201	 3
792	 357	 1
792	 686	 1
792	 739	 6
792	 791	 4
793	 24	 2
793	 69	 7
793	 143	 7
793	 232	 6
793	 248	 5
793	 529	 3
793	 531	 3
793	 540	 2
793	 612	 5
793	 632	 9
793	 692	 7
793	 851	 8
794	 262	 1
794	 334	 7
794	 371	 6
794	 698	 2
794	 836	 6
794	 940	 7
794	 966	 4
795	 31	 9
795	 194	 9
795	 353	 6
795	 451	 5
795	 629	 4
795	 657	 7
795	 896	 1
796	 0	 2
796	 60	 6
796	 179	 2
796	 194	 5
796	 289	 6
796	 324	 1
796	 325	 8
796	 570	 4
796	 617	 3
796	 841	 6
796	 931	 6
797	 17	 3
797	 21	 2
797	 115	 1
797	 256	 4
797	 309	 4
797	 334	 4
797	 457	 3
797	 531	 5
797	 696	 7
797	 779	 3
797	 793	 2
797	 954	 9
798	 210	 8
798	 302	 8
798	 333	 3
798	 377	 1
798	 592	 7
798	 634	 5
798	 673	 7
798	 687	 8
798	 768	 9
798	 856	 1
798	 875	 4
798	 939	 5
799	 27	 5
799	 33	 4
799	 137	 1
799	 177	 8
799	 244	 2
799	 308	 7
799	 450	 5
799	 539	 7
799	 690	 6
799	 782	 5
799	 935	 9
800	 461	 7
800	 557	 3
800	 843	 7
800	 902	 5
801	 47	 7
801	 163	 2
801	 235	 5
801	 238	 1
801	 286	 3
801	 350	 3
801	 588	 9
801	 800	 3
801	 917	 9
801	 941	 3
801	 994	 8
802	 113	 2
802	 327	 2
802	 354	 5
802	 384	 7
802	 434	 6
802	 458	 4
802	 482	 2
802	 534	 3
802	 548	 5
802	 574	 4
802	 618	 6
802	 741	 4
802	 752	 7
802	 992	 5
803	 53	 8
803	 83	 2
803	 101	 8
803	 219	 3
803	 222	 8
803	 265	 4
803	 354	 6
803	 377	 3
803	 388	 6
803	 437	 6
803	 559	 5
803	 606	 6
803	 775	 6
803	 824	 6
803	 905	 8
804	 51	 2
804	 161	 9
804	 229	 3
804	 269	 8
804	 310	 5
804	 390	 5
804	 575	 9
804	 851	 3
804	 933	 7
804	 944	 3
805	 0	 9
805	 142	 4
805	 171	 8
805	 305	 6
805	 322	 5
805	 329	 4
805	 416	 6
805	 455	 9
805	 630	 5
805	 665	 8
805	 680	 6
805	 821	 3
805	 859	 7
805	 981	 1
806	 107	 6
806	 240	 1
806	 276	 5
806	 320	 5
806	 646	 1
806	 707	 4
806	 714	 3
806	 743	 6
806	 791	 2
806	 847	 8
807	 306	 8
807	 545	 5
807	 599	 2
807	 785	 5
807	 805	 2
807	 910	 7
808	 304	 8
808	 408	 5
808	 453	 4
808	 668	 4
808	 676	 7
808	 776	 7
808	 824	 6
808	 970	 6
808	 978	 4
809	 208	 2
809	 256	 9
809	 308	 6
809	 343	 6
809	 371	 4
809	 505	 2
809	 662	 2
809	 857	 1
809	 912	 4
809	 961	 7
809	 982	 8
809	 996	 4
810	 125	 9
810	 282	 4
810	 338	 1
810	 532	 6
810	 676	 9
810	 849	 1
811	 120	 4
811	 441	 9
811	 464	 3
811	 563	 7
811	 614	 1
811	 928	 4
811	 981	 8
812	 76	 1
812	 227	 1
812	 307	 7
812	 369	 3
812	 379	 4
812	 684	 2
812	 799	 7
812	 829	 4
812	 870	 5
812	 894	 4
813	 1	 3
813	 79	 9
813	 122	 8
813	 203	 8
813	 402	 3
813	 440	 6
813	 451	 7
813	 479	 9
813	 497	 7
813	 570	 5
813	 664	 5
813	 822	 4
814	 11	 5
814	 24	 2
814	 52	 7
814	 87	 4
814	 171	 2
814	 301	 2
814	 345	 9
814	 391	 1
814	 502	 9
814	 537	 9
814	 546	 5
814	 609	 9
814	 708	 4
814	 802	 9
814	 805	 4
814	 883	 5
814	 917	 5
815	 67	 9
815	 207	 9
815	 275	 3
815	 278	 1
815	 304	 8
815	 356	 2
815	 368	 6
815	 624	 6
815	 680	 4
815	 807	 5
815	 855	 6
815	 861	 9
815	 978	 6
815	 995	 1
816	 102	 4
816	 552	 8
816	 809	 8
816	 840	 1
816	 880	 7
817	 150	 4
817	 240	 7
817	 261	 7
817	 385	 6
817	 434	 6
817	 506	 9
817	 635	 5
817	 704	 4
817	 753	 9
817	 775	 1
817	 931	 2
818	 242	 5
818	 301	 9
818	 642	 1
818	 646	 2
818	 666	 9
818	 699	 2
818	 773	 7
818	 791	 4
818	 831	 7
818	 872	 6
818	 959	 9
819	 100	 9
819	 162	 6
819	 285	 7
819	 486	 2
819	 488	 7
819	 604	 2
819	 718	 5
819	 852	 5
819	 863	 5
819	 874	 3
820	 295	 6
820	 305	 2
820	 356	 3
820	 411	 4
820	 439	 9
820	 483	 3
820	 506	 3
820	 887	 1
820	 903	 2
821	 87	 9
821	 201	 8
821	 388	 2
821	 420	 4
821	 437	 6
821	 476	 1
821	 558	 3
821	 568	 5
821	 630	 5
821	 829	 5
821	 951	 6
822	 83	 5
822	 128	 4
822	 221	 3
822	 252	 1
822	 298	 7
822	 330	 2
822	 343	 8
822	 359	 1
822	 412	 9
822	 450	 6
822	 454	 2
822	 506	 2
822	 630	 6
822	 700	 5
822	 831	 3
822	 849	 9
823	 1	 2
823	 79	 1
823	 172	 3
823	 210	 9
823	 362	 1
823	 393	 3
823	 437	 6
823	 646	 1
823	 682	 4
823	 723	 7
823	 928	 3
823	 931	 9
824	 96	 1
824	 177	 2
824	 193	 4
824	 194	 8
824	 238	 1
824	 255	 4
824	 307	 9
824	 336	 1
824	 568	 7
824	 637	 6
824	 649	 2
824	 798	 2
824	 860	 2
824	 863	 9
824	 908	 2
824	 945	 6
825	 126	 4
825	 215	 2
825	 275	 8
825	 292	 1
825	 500	 4
825	 501	 1
825	 588	 7
825	 703	 6
825	 707	 9
825	 862	 4
825	 955	 8
826	 152	 6
826	 194	 5
826	 377	 7
826	 393	 5
826	 835	 7
826	 845	 4
826	 989	 9
827	 32	 3
827	 59	 2
827	 119	 8
827	 350	 3
827	 450	 4
827	 469	 8
827	 490	 4
827	 536	 9
827	 601	 1
827	 635	 6
827	 641	 7
827	 728	 9
827	 777	 7
827	 841	 2
827	 873	 2
827	 968	 8
828	 79	 7
828	 162	 7
828	 357	 1
828	 525	 4
829	 294	 3
829	 437	 7
829	 595	 4
829	 729	 6
829	 753	 4
829	 790	 4
829	 806	 7
829	 855	 8
829	 874	 3
829	 905	 3
830	 11	 6
830	 163	 4
830	 188	 9
830	 267	 3
830	 476	 6
830	 560	 5
830	 568	 6
830	 696	 3
831	 29	 7
831	 181	 7
831	 231	 4
831	 316	 4
831	 493	 5
831	 500	 4
831	 504	 1
831	 923	 7
832	 30	 7
832	 41	 7
832	 45	 1
832	 48	 9
832	 107	 4
832	 109	 9
832	 121	 4
832	 139	 9
832	 192	 9
832	 341	 8
832	 395	 2
832	 436	 6
832	 468	 2
832	 501	 6
832	 710	 5
832	 796	 3
832	 851	 5
832	 887	 9
832	 898	 4
832	 913	 2
833	 3	 1
833	 167	 2
833	 436	 6
833	 437	 7
833	 543	 3
833	 705	 6
833	 799	 6
833	 835	 1
833	 998	 5
834	 22	 9
834	 78	 8
834	 141	 1
834	 375	 6
834	 396	 1
834	 565	 5
834	 675	 2
834	 875	 1
834	 913	 6
834	 983	 2
835	 41	 6
835	 175	 2
835	 180	 3
835	 192	 5
835	 252	 9
835	 643	 5
835	 750	 1
835	 772	 7
835	 786	 2
835	 807	 2
836	 14	 7
836	 43	 2
836	 89	 1
836	 99	 1
836	 101	 6
836	 160	 5
836	 237	 8
836	 260	 7
836	 374	 4
836	 482	 2
836	 504	 6
836	 507	 3
836	 756	 9
836	 830	 3
837	 13	 4
837	 145	 5
837	 150	 2
837	 378	 5
837	 566	 5
837	 688	 9
837	 847	 4
838	 68	 2
838	 130	 9
838	 132	 2
838	 410	 1
838	 417	 6
838	 477	 3
838	 763	 4
838	 778	 5
839	 1	 6
839	 2	 5
839	 64	 7
839	 102	 7
839	 235	 7
839	 270	 3
839	 274	 2
839	 294	 7
839	 434	 4
839	 518	 3
839	 779	 3
839	 792	 8
839	 915	 7
839	 940	 2
839	 959	 8
840	 5	 5
840	 70	 5
840	 76	 7
840	 258	 4
840	 585	 5
840	 790	 1
841	 65	 1
841	 374	 1
841	 395	 1
841	 400	 5
841	 623	 1
841	 642	 7
842	 28	 8
842	 97	 2
842	 204	 9
842	 439	 6
842	 455	 4
842	 472	 2
842	 522	 4
842	 636	 9
842	 834	 4
842	 947	 9
843	 37	 7
843	 81	 2
843	 237	 4
843	 250	 1
843	 427	 7
843	 443	 9
843	 681	 4
843	 807	 1
843	 934	 2
843	 948	 2
843	 976	 1
844	 39	 1
844	 174	 2
844	 179	 6
844	 203	 1
844	 313	 8
844	 347	 2
844	 360	 6
844	 372	 8
844	 448	 1
844	 476	 7
844	 565	 8
844	 621	 5
844	 719	 6
844	 760	 8
844	 783	 1
845	 232	 9
845	 301	 9
845	 606	 2
845	 706	 7
845	 707	 3
845	 772	 4
845	 892	 6
845	 912	 8
845	 943	 4
846	 43	 9
846	 94	 3
846	 165	 5
846	 318	 9
846	 520	 9
846	 610	 7
846	 632	 9
847	 58	 7
847	 94	 4
847	 104	 2
847	 114	 1
847	 138	 4
847	 386	 4
847	 439	 4
847	 449	 9
847	 483	 6
847	 620	 5
847	 747	 8
847	 961	 2
847	 990	 8
848	 82	 7
848	 240	 6
848	 242	 6
848	 336	 8
848	 381	 2
848	 532	 1
848	 667	 4
848	 669	 1
848	 721	 9
848	 855	 7
848	 869	 3
848	 935	 3
848	 948	 4
848	 962	 5
849	 49	 4
849	 65	 6
849	 98	 5
849	 196	 2
849	 254	 4
849	 516	 2
849	 657	 2
849	 767	 8
849	 776	 1
849	 786	 9
849	 832	 9
850	 71	 5
850	 110	 2
850	 169	 2
850	 378	 6
850	 393	 5
850	 453	 7
850	 505	 6
850	 698	 3
850	 832	 6
850	 837	 8
850	 840	 9
850	 947	 8
850	 958	 6
851	 12	 1
851	 60	 7
851	 150	 1
851	 160	 7
851	 191	 6
851	 193	 2
851	 253	 1
851	 432	 8
851	 663	 7
851	 739	 6
851	 884	 8
852	 194	 5
852	 447	 7
852	 495	 3
852	 516	 9
852	 519	 1
852	 530	 1
852	 901	 2
853	 50	 5
853	 73	 2
853	 113	 8
853	 177	 4
853	 271	 6
853	 370	 4
853	 429	 5
853	 464	 3
853	 639	 8
853	 660	 2
853	 665	 1
853	 882	 6
853	 884	 5
854	 15	 6
854	 134	 3
854	 213	 9
854	 245	 6
854	 248	 7
854	 265	 8
854	 428	 2
854	 492	 9
854	 501	 3
854	 855	 8
854	 923	 3
855	 55	 1
855	 252	 5
855	 262	 6
855	 329	 2
855	 485	 8
855	 518	 1
855	 652	 3
855	 705	 2
855	 816	 3
855	 878	 8
855	 943	 5
856	 19	 4
856	 27	 3
856	 181	 3
856	 474	 7
856	 512	 6
856	 689	 9
856	 838	 4
856	 852	 6
857	 7	 3
857	 510	 3
857	 530	 2
857	 647	 2
857	 655	 1
857	 717	 6
857	 803	 8
857	 913	 4
858	 7	 8
858	 212	 8
858	 226	 6
858	 245	 1
858	 259	 8
858	 292	 3
858	 344	 2
858	 369	 2
858	 399	 2
858	 497	 2
858	 674	 6
858	 744	 7
858	 751	 7
858	 812	 3
858	 855	 6
858	 930	 1
859	 20	 7
859	 317	 8
859	 677	 9
859	 866	 4
859	 953	 5
860	 9	 7
860	 80	 2
860	 293	 6
860	 342	 1
860	 835	 7
860	 913	 2
861	 82	 8
861	 277	 2
861	 475	 9
861	 698	 2
861	 851	 2
861	 852	 2
861	 916	 1
862	 43	 2
862	 70	 4
862	 73	 5
862	 78	 3
862	 145	 3
862	 253	 5
862	 411	 6
862	 433	 8
862	 454	 7
862	 594	 8
862	 598	 1
862	 622	 6
862	 667	 6
862	 815	 3
862	 846	 4
863	 9	 8
863	 35	 8
863	 106	 1
863	 194	 5
863	 201	 3
863	 253	 5
863	 299	 1
863	 523	 4
863	 542	 9
863	 547	 2
863	 555	 4
863	 679	 3
863	 689	 2
863	 746	 3
863	 775	 1
863	 838	 1
863	 839	 1
864	 1	 5
864	 22	 4
864	 23	 5
864	 91	 3
864	 98	 3
864	 117	 8
864	 144	 5
864	 252	 6
864	 349	 1
864	 423	 6
864	 463	 9
864	 484	 8
864	 529	 7
864	 601	 5
864	 700	 7
864	 730	 5
864	 919	 8
864	 923	 7
864	 967	 6
865	 203	 7
865	 266	 4
865	 542	 3
865	 699	 1
865	 824	 3
866	 85	 8
866	 379	 8
866	 423	 5
866	 499	 9
866	 793	 7
866	 921	 3
866	 940	 7
867	 40	 1
867	 102	 2
867	 110	 7
867	 208	 9
867	 257	 1
867	 308	 6
867	 419	 5
867	 426	 8
867	 533	 4
867	 771	 8
867	 773	 8
867	 779	 3
867	 830	 1
867	 902	 4
867	 911	 1
868	 16	 4
868	 175	 6
868	 360	 9
868	 519	 7
868	 670	 7
868	 918	 3
868	 962	 5
869	 106	 4
869	 351	 4
869	 385	 1
869	 406	 2
869	 422	 4
869	 536	 1
869	 679	 5
869	 694	 4
869	 744	 8
869	 769	 6
869	 770	 5
869	 885	 1
869	 959	 9
870	 28	 5
870	 43	 9
870	 135	 3
870	 136	 9
870	 221	 9
870	 274	 6
870	 279	 4
870	 332	 2
870	 585	 4
870	 667	 6
870	 794	 5
870	 898	 5
871	 98	 3
871	 321	 5
871	 725	 8
871	 821	 2
871	 834	 7
872	 228	 4
872	 449	 5
872	 485	 5
872	 490	 2
872	 533	 8
872	 639	 6
872	 917	 2
873	 83	 5
873	 227	 6
873	 278	 2
873	 329	 4
873	 380	 6
873	 459	 5
873	 471	 1
873	 552	 2
873	 631	 1
873	 768	 3
873	 856	 1
873	 914	 8
873	 959	 6
874	 342	 2
874	 381	 6
874	 411	 7
874	 476	 4
874	 571	 1
874	 607	 1
874	 729	 2
874	 885	 3
875	 182	 7
875	 465	 4
875	 652	 1
875	 661	 8
875	 701	 9
875	 734	 4
875	 758	 7
875	 860	 4
876	 275	 6
876	 291	 1
876	 400	 2
876	 428	 2
876	 433	 5
876	 537	 1
876	 562	 9
876	 570	 1
876	 606	 4
876	 848	 8
876	 914	 8
877	 5	 1
877	 11	 5
877	 52	 8
877	 210	 1
877	 216	 2
877	 225	 7
877	 293	 2
877	 334	 8
877	 651	 4
877	 913	 9
877	 929	 8
878	 15	 1
878	 75	 2
878	 135	 3
878	 386	 2
878	 419	 3
878	 575	 7
878	 602	 6
878	 691	 7
878	 838	 8
878	 874	 2
878	 927	 1
879	 67	 2
879	 106	 7
879	 170	 4
879	 269	 2
879	 341	 4
879	 358	 9
879	 403	 9
879	 461	 1
879	 481	 3
879	 687	 7
879	 728	 3
879	 758	 3
879	 841	 5
879	 890	 2
879	 988	 9
880	 79	 9
880	 181	 6
880	 208	 2
880	 274	 6
880	 345	 7
880	 625	 3
880	 646	 6
880	 742	 6
880	 762	 9
881	 4	 5
881	 13	 5
881	 114	 5
881	 196	 8
881	 333	 1
881	 340	 8
881	 508	 6
881	 563	 2
881	 741	 7
881	 759	 7
881	 823	 7
881	 991	 2
881	 998	 2
882	 14	 1
882	 39	 7
882	 312	 1
882	 393	 9
882	 437	 2
882	 585	 8
882	 697	 3
882	 827	 5
882	 842	 5
882	 941	 2
883	 137	 4
883	 166	 1
883	 172	 5
883	 213	 1
883	 243	 8
883	 255	 9
883	 293	 7
883	 331	 3
883	 418	 7
883	 520	 5
883	 609	 6
883	 892	 2
883	 906	 8
884	 68	 3
884	 94	 9
884	 171	 1
884	 172	 9
884	 264	 6
884	 354	 1
884	 393	 3
884	 401	 5
884	 409	 4
884	 497	 5
884	 719	 1
884	 806	 2
884	 891	 5
884	 937	 5
885	 162	 8
885	 178	 5
885	 199	 7
885	 334	 2
885	 424	 7
885	 560	 9
885	 575	 5
885	 611	 5
885	 704	 1
885	 765	 4
885	 774	 8
885	 942	 4
886	 94	 8
886	 100	 6
886	 161	 9
886	 267	 9
886	 473	 2
886	 734	 4
886	 748	 3
886	 923	 7
887	 118	 7
887	 185	 8
887	 279	 2
887	 522	 5
887	 589	 4
887	 590	 3
887	 802	 2
887	 916	 3
888	 60	 1
888	 95	 2
888	 162	 6
888	 266	 7
888	 343	 2
888	 347	 1
888	 348	 5
888	 663	 5
888	 766	 8
888	 790	 9
888	 819	 7
888	 859	 3
888	 875	 5
888	 880	 4
888	 889	 5
888	 920	 7
888	 990	 3
889	 27	 3
889	 51	 8
889	 393	 3
889	 605	 3
889	 608	 5
889	 734	 2
889	 788	 2
890	 247	 6
890	 305	 8
890	 307	 3
890	 435	 3
890	 439	 8
890	 446	 3
890	 632	 1
890	 857	 8
890	 905	 8
890	 967	 3
891	 88	 3
891	 225	 2
891	 455	 9
891	 799	 3
891	 820	 9
891	 846	 5
891	 933	 3
891	 939	 8
891	 977	 8
891	 990	 4
892	 11	 8
892	 269	 2
892	 271	 1
892	 288	 2
892	 366	 1
892	 767	 9
893	 156	 1
893	 342	 2
893	 366	 9
893	 449	 1
893	 575	 3
893	 775	 9
893	 796	 2
893	 865	 4
894	 16	 5
894	 87	 2
894	 176	 4
894	 219	 4
894	 360	 6
894	 411	 4
894	 427	 3
894	 454	 3
894	 470	 2
894	 514	 1
894	 566	 5
894	 700	 9
894	 725	 3
894	 880	 2
895	 2	 5
895	 141	 7
895	 232	 4
895	 266	 5
895	 301	 6
895	 327	 7
895	 391	 8
895	 661	 7
895	 812	 2
895	 906	 2
896	 7	 6
896	 18	 9
896	 130	 3
896	 221	 6
896	 370	 1
896	 522	 2
896	 939	 5
897	 55	 2
897	 60	 3
897	 335	 8
897	 358	 9
897	 450	 9
897	 560	 7
897	 589	 4
897	 652	 4
897	 796	 4
897	 970	 7
898	 82	 8
898	 143	 6
898	 189	 1
898	 242	 1
898	 310	 1
898	 335	 3
898	 377	 6
898	 384	 8
898	 885	 8
898	 999	 4
899	 10	 7
899	 42	 2
899	 187	 7
899	 424	 2
899	 474	 9
899	 534	 3
899	 595	 4
899	 665	 8
899	 695	 4
899	 777	 8
900	 23	 1
900	 220	 6
900	 227	 8
900	 373	 9
900	 377	 2
900	 562	 4
900	 603	 8
900	 659	 6
900	 699	 2
900	 704	 7
901	 44	 2
901	 69	 1
901	 164	 8
901	 247	 6
901	 274	 1
901	 542	 3
901	 629	 6
901	 692	 1
901	 888	 5
901	 940	 3
902	 117	 2
902	 209	 5
902	 281	 8
902	 296	 4
902	 502	 3
902	 599	 6
902	 665	 6
902	 678	 7
902	 784	 1
902	 789	 1
902	 820	 5
902	 824	 6
902	 856	 3
902	 872	 7
902	 992	 9
903	 63	 4
903	 71	 9
903	 315	 1
903	 382	 3
903	 442	 8
903	 519	 8
903	 577	 2
903	 607	 6
904	 35	 1
904	 98	 1
904	 225	 8
904	 268	 7
904	 281	 6
904	 392	 5
904	 478	 5
904	 730	 5
904	 893	 4
904	 912	 9
904	 921	 4
904	 971	 3
905	 174	 2
905	 300	 1
905	 529	 8
905	 927	 2
906	 32	 3
906	 109	 6
906	 111	 3
906	 159	 6
906	 332	 9
906	 379	 3
906	 469	 3
906	 510	 1
906	 813	 3
906	 863	 5
906	 877	 6
907	 84	 7
907	 159	 7
907	 225	 2
907	 462	 3
907	 640	 2
907	 648	 6
907	 748	 9
907	 751	 9
907	 797	 1
907	 860	 1
907	 870	 4
907	 988	 9
908	 162	 1
908	 317	 3
908	 342	 6
908	 526	 5
908	 536	 8
908	 680	 3
909	 138	 6
909	 187	 6
909	 231	 3
909	 375	 3
909	 421	 9
909	 520	 4
909	 564	 8
909	 678	 6
909	 758	 6
910	 234	 9
910	 244	 3
910	 538	 5
910	 547	 4
910	 660	 4
910	 862	 8
910	 895	 1
910	 943	 9
910	 958	 4
910	 997	 9
911	 29	 6
911	 39	 7
911	 212	 7
911	 405	 8
911	 463	 6
911	 519	 2
911	 546	 9
911	 737	 6
911	 819	 6
911	 941	 2
911	 979	 1
912	 108	 9
912	 273	 7
912	 278	 9
912	 292	 3
912	 388	 3
912	 463	 5
912	 465	 3
912	 650	 3
912	 679	 4
912	 741	 4
912	 815	 7
913	 36	 3
913	 179	 3
913	 214	 8
913	 453	 9
913	 558	 2
913	 607	 1
913	 683	 1
913	 722	 3
913	 732	 7
913	 809	 2
913	 944	 1
913	 987	 1
914	 287	 6
914	 304	 1
914	 362	 3
914	 380	 2
914	 383	 3
914	 479	 7
914	 508	 6
914	 549	 3
914	 568	 1
914	 675	 2
914	 727	 7
914	 742	 7
914	 744	 8
914	 754	 6
914	 820	 2
915	 210	 6
915	 334	 4
915	 356	 6
915	 524	 3
915	 539	 3
915	 591	 6
915	 600	 1
915	 611	 7
915	 720	 3
915	 800	 3
915	 863	 7
915	 886	 9
915	 927	 8
916	 91	 9
916	 94	 7
916	 234	 6
916	 312	 2
916	 319	 8
916	 473	 4
916	 867	 9
916	 918	 1
916	 993	 5
917	 117	 5
917	 156	 8
917	 177	 3
917	 319	 3
917	 813	 3
918	 5	 3
918	 170	 1
918	 395	 2
918	 722	 6
918	 773	 2
918	 793	 6
919	 57	 2
919	 64	 5
919	 113	 7
919	 191	 6
919	 303	 9
919	 316	 4
919	 509	 1
919	 627	 1
919	 631	 5
919	 650	 2
919	 699	 8
919	 702	 4
919	 998	 8
920	 142	 3
920	 158	 2
920	 396	 6
920	 476	 8
920	 688	 1
920	 744	 4
920	 759	 5
920	 769	 3
920	 809	 5
920	 907	 7
921	 159	 1
921	 233	 6
921	 406	 1
921	 458	 6
921	 838	 8
921	 888	 7
921	 903	 5
922	 11	 1
922	 65	 4
922	 136	 3
922	 453	 1
922	 514	 9
922	 551	 5
922	 565	 9
922	 673	 3
923	 22	 6
923	 136	 1
923	 350	 3
923	 550	 2
923	 684	 7
924	 53	 8
924	 65	 5
924	 149	 4
924	 151	 1
924	 153	 7
924	 272	 9
924	 404	 4
924	 415	 6
924	 488	 9
924	 490	 7
924	 622	 4
924	 644	 8
924	 851	 7
924	 908	 9
924	 980	 1
925	 80	 6
925	 187	 1
925	 262	 9
925	 407	 1
925	 490	 4
925	 614	 4
925	 781	 6
925	 808	 7
925	 860	 4
925	 916	 1
925	 920	 4
926	 137	 1
926	 309	 7
926	 341	 8
926	 365	 9
926	 366	 9
926	 507	 8
926	 703	 5
927	 10	 6
927	 255	 1
927	 413	 4
927	 506	 9
927	 878	 1
927	 950	 8
927	 982	 2
928	 120	 2
928	 216	 7
928	 228	 1
928	 331	 9
928	 363	 1
928	 447	 5
928	 457	 9
928	 535	 7
928	 665	 4
928	 689	 4
928	 751	 2
928	 773	 8
928	 927	 5
928	 986	 4
929	 11	 6
929	 92	 5
929	 166	 8
929	 262	 6
929	 514	 8
929	 515	 7
929	 665	 1
929	 854	 3
929	 882	 2
929	 962	 9
930	 22	 4
930	 24	 7
930	 199	 1
930	 279	 2
930	 465	 9
930	 495	 3
930	 574	 9
930	 708	 7
930	 883	 1
930	 944	 4
931	 135	 4
931	 303	 9
931	 401	 2
931	 561	 6
931	 581	 4
931	 602	 9
931	 962	 5
932	 93	 2
932	 320	 9
932	 380	 8
932	 530	 6
932	 639	 9
932	 790	 5
932	 879	 2
933	 230	 1
933	 258	 5
933	 261	 9
933	 537	 8
933	 793	 6
933	 839	 3
934	 189	 4
934	 295	 3
934	 416	 2
934	 444	 1
934	 557	 1
934	 565	 4
934	 568	 8
934	 690	 2
934	 700	 7
935	 4	 4
935	 153	 9
935	 491	 5
935	 646	 6
935	 818	 7
935	 819	 2
935	 881	 3
935	 985	 7
936	 290	 8
936	 417	 2
936	 557	 1
936	 575	 4
936	 746	 4
936	 752	 1
936	 885	 8
937	 6	 7
937	 201	 1
937	 219	 9
937	 354	 1
937	 396	 7
938	 142	 9
938	 219	 3
938	 227	 3
938	 299	 9
938	 379	 4
938	 438	 1
938	 612	 2
938	 761	 6
938	 938	 1
939	 16	 3
939	 111	 2
939	 148	 7
939	 231	 4
939	 374	 6
939	 376	 5
939	 525	 9
939	 615	 7
939	 692	 9
939	 743	 9
939	 792	 3
939	 813	 4
939	 854	 1
940	 43	 2
940	 97	 6
940	 159	 4
940	 313	 5
940	 447	 8
940	 563	 2
940	 574	 3
940	 688	 8
940	 727	 3
941	 110	 2
941	 141	 8
941	 206	 4
941	 574	 1
941	 744	 5
941	 836	 4
941	 883	 3
941	 927	 7
942	 34	 9
942	 83	 7
942	 208	 3
942	 363	 5
942	 397	 2
942	 462	 5
942	 512	 9
942	 524	 7
942	 709	 9
942	 720	 8
942	 760	 6
942	 853	 4
942	 983	 5
942	 996	 1
943	 65	 4
943	 81	 8
943	 99	 1
943	 200	 5
943	 332	 8
943	 435	 2
943	 514	 4
943	 602	 3
943	 650	 2
943	 669	 8
943	 794	 2
943	 955	 1
944	 78	 9
944	 171	 9
944	 204	 2
944	 226	 4
944	 394	 3
944	 406	 2
944	 784	 8
944	 789	 4
944	 809	 5
944	 868	 5
945	 131	 1
945	 333	 9
945	 463	 5
945	 625	 5
945	 681	 7
945	 755	 1
945	 794	 7
945	 797	 9
946	 34	 7
946	 137	 2
946	 197	 9
946	 305	 4
946	 660	 5
946	 719	 9
946	 830	 1
946	 851	 8
946	 943	 5
946	 980	 1
947	 66	 2
947	 92	 4
947	 113	 1
947	 131	 8
947	 185	 7
947	 209	 1
947	 257	 8
947	 287	 4
947	 499	 3
947	 515	 7
947	 537	 4
947	 591	 5
947	 619	 6
947	 647	 7
948	 71	 1
948	 200	 1
948	 301	 7
948	 395	 7
948	 552	 5
948	 669	 1
948	 872	 7
948	 876	 8
948	 914	 4
949	 87	 1
949	 146	 2
949	 214	 6
949	 402	 6
949	 545	 1
949	 560	 4
949	 566	 3
949	 686	 2
949	 755	 4
949	 779	 6
949	 867	 6
949	 868	 9
949	 924	 6
950	 349	 6
950	 367	 9
950	 380	 9
950	 456	 9
950	 503	 3
950	 573	 4
950	 679	 3
950	 705	 1
950	 803	 9
950	 925	 7
950	 941	 7
951	 8	 5
951	 35	 4
951	 104	 1
951	 144	 4
951	 319	 3
951	 322	 3
951	 478	 2
951	 720	 7
951	 732	 5
951	 749	 4
952	 61	 3
952	 115	 7
952	 412	 9
952	 587	 3
952	 817	 4
952	 835	 3
952	 890	 4
953	 21	 3
953	 78	 1
953	 227	 3
953	 254	 2
953	 277	 9
953	 296	 3
953	 356	 3
953	 359	 4
953	 494	 8
953	 503	 3
953	 514	 5
953	 649	 8
953	 835	 3
954	 240	 9
954	 333	 7
954	 348	 9
954	 422	 9
954	 489	 7
954	 708	 7
954	 812	 5
954	 816	 2
954	 875	 9
954	 929	 5
954	 970	 8
955	 82	 2
955	 204	 7
955	 208	 4
955	 252	 3
955	 305	 3
955	 322	 7
955	 354	 9
955	 473	 3
955	 584	 9
955	 651	 3
955	 662	 5
955	 712	 5
955	 713	 3
955	 726	 2
955	 754	 5
955	 795	 9
955	 862	 6
956	 108	 6
956	 162	 1
956	 176	 7
956	 259	 8
956	 317	 9
956	 355	 6
956	 360	 1
956	 397	 5
956	 420	 9
956	 648	 6
956	 677	 2
956	 690	 8
956	 778	 6
956	 798	 8
956	 889	 9
957	 102	 5
957	 135	 7
957	 209	 6
957	 219	 2
957	 241	 3
957	 339	 8
957	 370	 3
957	 476	 1
957	 482	 9
957	 559	 9
957	 632	 8
957	 658	 1
957	 729	 4
957	 762	 9
957	 812	 8
958	 32	 5
958	 129	 6
958	 206	 3
958	 257	 4
958	 418	 3
958	 444	 5
958	 620	 7
958	 692	 2
958	 796	 7
958	 832	 3
958	 878	 6
959	 90	 3
959	 159	 5
959	 183	 6
959	 277	 9
959	 477	 4
959	 491	 1
959	 659	 9
959	 685	 1
959	 766	 8
959	 993	 1
960	 48	 5
960	 113	 9
960	 131	 5
960	 208	 4
960	 240	 5
960	 738	 2
960	 751	 1
960	 864	 4
960	 877	 7
961	 93	 1
961	 220	 9
961	 238	 7
961	 348	 9
961	 364	 6
961	 462	 2
961	 496	 2
961	 526	 6
961	 727	 9
961	 792	 5
961	 941	 5
962	 151	 2
962	 268	 6
962	 340	 1
962	 435	 5
962	 520	 8
962	 551	 4
962	 620	 8
962	 623	 3
962	 677	 2
962	 821	 4
962	 829	 6
962	 868	 1
962	 876	 2
962	 957	 8
962	 964	 4
963	 145	 8
963	 325	 2
963	 500	 6
963	 532	 3
963	 558	 1
963	 715	 2
963	 743	 8
963	 800	 6
963	 802	 8
963	 976	 1
964	 11	 7
964	 81	 7
964	 86	 6
964	 128	 7
964	 368	 6
964	 426	 1
964	 432	 1
964	 499	 1
964	 943	 3
964	 966	 9
965	 234	 6
965	 276	 2
965	 631	 6
965	 713	 9
965	 825	 5
965	 902	 2
965	 963	 4
965	 996	 8
966	 46	 4
966	 80	 6
966	 171	 2
966	 289	 8
966	 307	 3
966	 623	 9
966	 662	 9
966	 803	 6
967	 43	 5
967	 274	 5
967	 357	 5
967	 419	 9
967	 561	 5
967	 621	 2
967	 799	 1
967	 868	 6
967	 875	 4
968	 30	 1
968	 180	 7
968	 282	 8
968	 795	 1
968	 835	 5
969	 28	 5
969	 179	 6
969	 185	 5
969	 201	 8
969	 245	 2
969	 273	 6
969	 458	 9
969	 601	 4
970	 69	 3
970	 97	 8
970	 386	 1
970	 525	 8
970	 907	 4
970	 910	 5
970	 931	 1
971	 257	 1
971	 377	 5
971	 405	 5
971	 609	 8
971	 671	 4
971	 935	 6
972	 112	 4
972	 262	 5
972	 347	 9
972	 360	 8
972	 394	 1
972	 401	 8
972	 543	 9
972	 592	 1
972	 632	 6
972	 646	 8
972	 748	 7
972	 798	 6
972	 946	 7
973	 120	 4
973	 289	 2
973	 414	 8
973	 561	 6
973	 600	 6
973	 612	 7
973	 639	 4
973	 778	 6
973	 839	 1
973	 933	 6
974	 116	 9
974	 268	 1
974	 299	 5
974	 305	 3
974	 482	 1
974	 584	 1
974	 799	 9
974	 924	 1
975	 51	 8
975	 487	 6
975	 568	 8
975	 732	 3
975	 793	 3
975	 868	 6
975	 905	 1
975	 962	 4
976	 98	 5
976	 185	 5
976	 333	 8
976	 347	 4
976	 541	 5
976	 582	 8
976	 587	 3
976	 650	 6
976	 708	 9
976	 755	 5
976	 948	 6
976	 993	 4
977	 3	 4
977	 11	 3
977	 144	 8
977	 159	 9
977	 223	 3
977	 351	 5
977	 385	 4
977	 727	 9
977	 767	 9
977	 902	 9
978	 328	 8
978	 355	 3
978	 457	 1
978	 667	 1
978	 722	 6
978	 877	 5
978	 933	 7
979	 48	 4
979	 172	 9
979	 181	 9
979	 378	 7
979	 433	 6
979	 533	 4
979	 871	 7
979	 958	 3
980	 117	 8
980	 352	 3
980	 396	 5
980	 547	 7
980	 727	 8
980	 741	 3
980	 777	 1
980	 911	 1
981	 76	 6
981	 192	 2
981	 278	 5
981	 303	 7
981	 320	 6
981	 335	 2
981	 417	 5
981	 452	 2
981	 453	 7
981	 496	 7
981	 525	 2
981	 569	 7
981	 843	 2
981	 993	 2
982	 261	 4
982	 332	 7
982	 350	 4
982	 465	 5
982	 487	 9
982	 491	 4
982	 686	 2
982	 757	 4
982	 765	 3
982	 824	 3
983	 161	 5
983	 304	 5
983	 339	 7
983	 479	 7
983	 487	 4
983	 539	 3
983	 648	 4
983	 852	 1
983	 864	 4
983	 942	 9
984	 23	 5
984	 134	 1
984	 206	 8
984	 305	 2
984	 346	 1
984	 469	 8
984	 481	 6
984	 625	 9
984	 627	 3
984	 637	 7
985	 276	 2
985	 335	 3
985	 584	 6
985	 761	 7
985	 784	 8
985	 943	 6
985	 989	 5
986	 169	 4
986	 339	 1
986	 443	 7
986	 463	 5
986	 552	 1
986	 566	 1
986	 728	 7
986	 760	 5
986	 809	 8
986	 839	 8
986	 985	 4
986	 987	 2
987	 219	 7
987	 374	 7
987	 437	 9
987	 531	 8
987	 636	 7
987	 737	 9
987	 895	 5
988	 442	 8
988	 889	 7
989	 51	 6
989	 97	 3
989	 297	 7
989	 319	 4
989	 371	 8
989	 625	 4
989	 672	 5
989	 693	 6
989	 899	 2
989	 935	 8
989	 965	 9
989	 997	 7
990	 72	 8
990	 76	 5
990	 240	 5
990	 357	 8
990	 609	 4
990	 652	 8
990	 679	 8
990	 849	 1
990	 898	 4
991	 33	 6
991	 77	 8
991	 138	 9
991	 155	 5
991	 189	 5
991	 196	 3
991	 206	 2
991	 289	 1
991	 436	 1
991	 487	 1
991	 573	 7
991	 582	 7
991	 765	 3
991	 877	 2
991	 908	 7
992	 0	 6
992	 86	 9
992	 117	 4
992	 247	 9
992	 299	 3
992	 304	 3
992	 384	 3
992	 396	 2
992	 410	 5
992	 464	 3
992	 502	 3
992	 571	 6
992	 585	 9
992	 664	 4
993	 116	 3
993	 274	 4
993	 493	 3
993	 521	 7
993	 531	 2
993	 778	 8
993	 789	 3
993	 878	 4
993	 988	 7
994	 90	 5
994	 222	 9
994	 468	 7
994	 496	 5
994	 546	 9
994	 584	 2
994	 619	 2
994	 631	 5
994	 810	 1
994	 904	 9
994	 947	 4
995	 58	 7
995	 142	 6
995	 212	 3
995	 459	 3
995	 517	 2
995	 655	 2
995	 751	 4
995	 822	 3
996	 159	 6
996	 189	 9
996	 203	 5
996	 246	 7
996	 339	 1
996	 410	 7
996	 564	 9
996	 583	 2
996	 650	 7
996	 701	 9
996	 735	 9
996	 811	 3
996	 898	 6
996	 921	 3
997	 107	 8
997	 116	 8
997	 281	 4
997	 377	 7
997	 392	 4
997	 433	 4
997	 643	 2
997	 717	 1
997	 773	 7
997	 780	 3
997	 900	 4
997	 946	 8
998	 95	 4
998	 99	 7
998	 195	 3
998	 199	 8
998	 302	 4
998	 465	 5
998	 579	 7
998	 707	 4
998	 757	 6
998	 823	 2
998	 858	 7
999	 49	 1
999	 175	 5
999	 206	 7
999	 341	 9
999	 454	 3
999	 524	 9
999	 616	 1
999	 786	 8
999	 803	 9
999	 818	 6
